Project Name,Package Name,Type Name,Code Smell
main,org.apache.tools.ant,AntClassLoader,Cyclic-Dependent Modularization
main,org.apache.tools.ant,AntClassLoader,Insufficient Modularization
main,org.apache.tools.ant,ResourceEnumeration,Unutilized Abstraction
main,org.apache.tools.ant,BuildEvent,Cyclic-Dependent Modularization
main,org.apache.tools.ant,BuildListener,Cyclic-Dependent Modularization
main,org.apache.tools.ant,DefaultLogger,Deficient Encapsulation
main,org.apache.tools.ant,DemuxOutputStream,Unutilized Abstraction
main,org.apache.tools.ant,BufferInfo,Unnecessary Abstraction
main,org.apache.tools.ant,Diagnostics,Cyclic-Dependent Modularization
main,org.apache.tools.ant,DirectoryScanner,Cyclic-Dependent Modularization
main,org.apache.tools.ant,DirectoryScanner,Insufficient Modularization
main,org.apache.tools.ant,ExitException,Unutilized Abstraction
main,org.apache.tools.ant,IntrospectionHelper,Missing Hierarchy
main,org.apache.tools.ant,IntrospectionHelper,Cyclic-Dependent Modularization
main,org.apache.tools.ant,IntrospectionHelper,Insufficient Modularization
main,org.apache.tools.ant,AttributeSetter,Cyclic-Dependent Modularization
main,org.apache.tools.ant,Location,Deficient Encapsulation
main,org.apache.tools.ant,Main,Deficient Encapsulation
main,org.apache.tools.ant,Main,Cyclic-Dependent Modularization
main,org.apache.tools.ant,NoBannerLogger,Unutilized Abstraction
main,org.apache.tools.ant,Project,Deficient Encapsulation
main,org.apache.tools.ant,Project,Cyclic-Dependent Modularization
main,org.apache.tools.ant,Project,Insufficient Modularization
main,org.apache.tools.ant,ProjectHelper,Deficient Encapsulation
main,org.apache.tools.ant,ProjectHelper,Cyclic-Dependent Modularization
main,org.apache.tools.ant,RuntimeConfigurable,Cyclic-Dependent Modularization
main,org.apache.tools.ant,Target,Cyclic-Dependent Modularization
main,org.apache.tools.ant,Task,Wide Hierarchy
main,org.apache.tools.ant,Task,Cyclic-Dependent Modularization
main,org.apache.tools.ant,TaskAdapter,Cyclic-Dependent Modularization
main,org.apache.tools.ant,UnknownElement,Unexploited Encapsulation
main,org.apache.tools.ant,UnknownElement,Missing Hierarchy
main,org.apache.tools.ant,UnknownElement,Cyclic-Dependent Modularization
main,org.apache.tools.ant,XmlLogger,Unutilized Abstraction
main,org.apache.tools.ant,TimedElement,Unnecessary Abstraction
main,org.apache.tools.ant.filters,BaseFilterReader,Unutilized Abstraction
main,org.apache.tools.ant.filters,BaseParamFilterReader,Unutilized Abstraction
main,org.apache.tools.ant.filters,BaseParamFilterReader,Broken Hierarchy
main,org.apache.tools.ant.filters,ChainableReader,Unutilized Abstraction
main,org.apache.tools.ant.filters,ChainableReader,Wide Hierarchy
main,org.apache.tools.ant.filters,ClassConstants,Unutilized Abstraction
main,org.apache.tools.ant.filters,ExpandProperties,Unutilized Abstraction
main,org.apache.tools.ant.filters,ExpandProperties,Cyclic-Dependent Modularization
main,org.apache.tools.ant.filters,HeadFilter,Unutilized Abstraction
main,org.apache.tools.ant.filters,HeadFilter,Broken Hierarchy
main,org.apache.tools.ant.filters,LineContains,Unutilized Abstraction
main,org.apache.tools.ant.filters,LineContains,Broken Hierarchy
main,org.apache.tools.ant.filters,LineContainsRegExp,Unutilized Abstraction
main,org.apache.tools.ant.filters,LineContainsRegExp,Broken Hierarchy
main,org.apache.tools.ant.filters,LineContainsRegExp,Cyclic-Dependent Modularization
main,org.apache.tools.ant.filters,PrefixLines,Unutilized Abstraction
main,org.apache.tools.ant.filters,PrefixLines,Broken Hierarchy
main,org.apache.tools.ant.filters,ReplaceTokens,Unutilized Abstraction
main,org.apache.tools.ant.filters,ReplaceTokens,Broken Hierarchy
main,org.apache.tools.ant.filters,StripJavaComments,Unutilized Abstraction
main,org.apache.tools.ant.filters,StripLineBreaks,Unutilized Abstraction
main,org.apache.tools.ant.filters,StripLineBreaks,Broken Hierarchy
main,org.apache.tools.ant.filters,StripLineComments,Unutilized Abstraction
main,org.apache.tools.ant.filters,StripLineComments,Broken Hierarchy
main,org.apache.tools.ant.filters,TabsToSpaces,Unutilized Abstraction
main,org.apache.tools.ant.filters,TabsToSpaces,Broken Hierarchy
main,org.apache.tools.ant.filters,TailFilter,Unutilized Abstraction
main,org.apache.tools.ant.filters,TailFilter,Broken Hierarchy
main,org.apache.tools.ant.filters.util,ChainReaderHelper,Deficient Encapsulation
main,org.apache.tools.ant.filters.util,ChainReaderHelper,Unexploited Encapsulation
main,org.apache.tools.ant.filters.util,ChainReaderHelper,Missing Hierarchy
main,org.apache.tools.ant.filters.util,ChainReaderHelper,Cyclic-Dependent Modularization
main,org.apache.tools.ant.filters.util,JavaClassHelper,Unutilized Abstraction
main,org.apache.tools.ant.helper,ProjectHelperImpl,Insufficient Modularization
main,org.apache.tools.ant.helper,AbstractHandler,Unutilized Abstraction
main,org.apache.tools.ant.helper,RootHandler,Unutilized Abstraction
main,org.apache.tools.ant.helper,ProjectHandler,Unutilized Abstraction
main,org.apache.tools.ant.helper,TargetHandler,Unutilized Abstraction
main,org.apache.tools.ant.helper,TaskHandler,Unutilized Abstraction
main,org.apache.tools.ant.helper,NestedElementHandler,Unutilized Abstraction
main,org.apache.tools.ant.helper,DataTypeHandler,Unutilized Abstraction
main,org.apache.tools.ant.input,DefaultInputHandler,Unutilized Abstraction
main,org.apache.tools.ant.input,MultipleChoiceInputRequest,Unutilized Abstraction
main,org.apache.tools.ant.input,PropertyFileInputHandler,Unutilized Abstraction
main,org.apache.tools.ant.input,PropertyFileInputHandler,Deficient Encapsulation
main,org.apache.tools.ant.listener,AnsiColorLogger,Unutilized Abstraction
main,org.apache.tools.ant.listener,CommonsLoggingListener,Unutilized Abstraction
main,org.apache.tools.ant.listener,Log4jListener,Unutilized Abstraction
main,org.apache.tools.ant.listener,MailLogger,Unutilized Abstraction
main,org.apache.tools.ant.taskdefs,AbstractCvsTask,Deficient Encapsulation
main,org.apache.tools.ant.taskdefs,AbstractCvsTask,Insufficient Modularization
main,org.apache.tools.ant.taskdefs,Reference,Cyclic Hierarchy
main,org.apache.tools.ant.taskdefs,AntStructure,Unutilized Abstraction
main,org.apache.tools.ant.taskdefs,Basename,Unutilized Abstraction
main,org.apache.tools.ant.taskdefs,BuildNumber,Unutilized Abstraction
main,org.apache.tools.ant.taskdefs,BUnzip2,Unutilized Abstraction
main,org.apache.tools.ant.taskdefs,BZip2,Unutilized Abstraction
main,org.apache.tools.ant.taskdefs,CallTarget,Unutilized Abstraction
main,org.apache.tools.ant.taskdefs,Checksum,Broken Hierarchy
main,org.apache.tools.ant.taskdefs,Chmod,Unutilized Abstraction
main,org.apache.tools.ant.taskdefs,Concat,Unutilized Abstraction
main,org.apache.tools.ant.taskdefs,Concat,Unexploited Encapsulation
main,org.apache.tools.ant.taskdefs,Concat,Missing Hierarchy
main,org.apache.tools.ant.taskdefs,ConditionTask,Unutilized Abstraction
main,org.apache.tools.ant.taskdefs,ConditionTask,Broken Hierarchy
main,org.apache.tools.ant.taskdefs,Copy,Unutilized Abstraction
main,org.apache.tools.ant.taskdefs,Copy,Insufficient Modularization
main,org.apache.tools.ant.taskdefs,Copydir,Unutilized Abstraction
main,org.apache.tools.ant.taskdefs,Copydir,Broken Hierarchy
main,org.apache.tools.ant.taskdefs,Copyfile,Unutilized Abstraction
main,org.apache.tools.ant.taskdefs,Cvs,Unutilized Abstraction
main,org.apache.tools.ant.taskdefs,Cvs,Broken Hierarchy
main,org.apache.tools.ant.taskdefs,CVSPass,Unutilized Abstraction
main,org.apache.tools.ant.taskdefs,Definer,Unutilized Abstraction
main,org.apache.tools.ant.taskdefs,Delete,Unutilized Abstraction
main,org.apache.tools.ant.taskdefs,Delete,Insufficient Modularization
main,org.apache.tools.ant.taskdefs,Deltree,Unutilized Abstraction
main,org.apache.tools.ant.taskdefs,DependSet,Unutilized Abstraction
main,org.apache.tools.ant.taskdefs,DependSet,Broken Hierarchy
main,org.apache.tools.ant.taskdefs,Dirname,Unutilized Abstraction
main,org.apache.tools.ant.taskdefs,Ear,Unutilized Abstraction
main,org.apache.tools.ant.taskdefs,Ear,Broken Hierarchy
main,org.apache.tools.ant.taskdefs,Echo,Unutilized Abstraction
main,org.apache.tools.ant.taskdefs,Execute,Deficient Encapsulation
main,org.apache.tools.ant.taskdefs,Execute,Insufficient Modularization
main,org.apache.tools.ant.taskdefs,Java11CommandLauncher,Unutilized Abstraction
main,org.apache.tools.ant.taskdefs,Java13CommandLauncher,Unutilized Abstraction
main,org.apache.tools.ant.taskdefs,CommandLauncherProxy,Unutilized Abstraction
main,org.apache.tools.ant.taskdefs,OS2CommandLauncher,Unutilized Abstraction
main,org.apache.tools.ant.taskdefs,WinNTCommandLauncher,Unutilized Abstraction
main,org.apache.tools.ant.taskdefs,MacCommandLauncher,Unutilized Abstraction
main,org.apache.tools.ant.taskdefs,ScriptCommandLauncher,Unutilized Abstraction
main,org.apache.tools.ant.taskdefs,PerlScriptCommandLauncher,Unutilized Abstraction
main,org.apache.tools.ant.taskdefs,ExecuteOn,Unutilized Abstraction
main,org.apache.tools.ant.taskdefs,ExecuteOn,Broken Hierarchy
main,org.apache.tools.ant.taskdefs,Exit,Unutilized Abstraction
main,org.apache.tools.ant.taskdefs,Expand,Unutilized Abstraction
main,org.apache.tools.ant.taskdefs,Filter,Unutilized Abstraction
main,org.apache.tools.ant.taskdefs,FixCRLF,Unutilized Abstraction
main,org.apache.tools.ant.taskdefs,FixCRLF,Broken Hierarchy
main,org.apache.tools.ant.taskdefs,FixCRLF,Insufficient Modularization
main,org.apache.tools.ant.taskdefs,OneLiner,Insufficient Modularization
main,org.apache.tools.ant.taskdefs,BufferLine,Unutilized Abstraction
main,org.apache.tools.ant.taskdefs,GenerateKey,Unutilized Abstraction
main,org.apache.tools.ant.taskdefs,GenerateKey,Insufficient Modularization
main,org.apache.tools.ant.taskdefs,Get,Deficient Encapsulation
main,org.apache.tools.ant.taskdefs,Base64Converter,Unutilized Abstraction
main,org.apache.tools.ant.taskdefs,Base64Converter,Deficient Encapsulation
main,org.apache.tools.ant.taskdefs,GUnzip,Unutilized Abstraction
main,org.apache.tools.ant.taskdefs,GZip,Unutilized Abstraction
main,org.apache.tools.ant.taskdefs,Input,Unutilized Abstraction
main,org.apache.tools.ant.taskdefs,Jar,Unutilized Abstraction
main,org.apache.tools.ant.taskdefs,Java,Insufficient Modularization
main,org.apache.tools.ant.taskdefs,Javac,Unutilized Abstraction
main,org.apache.tools.ant.taskdefs,Javac,Broken Hierarchy
main,org.apache.tools.ant.taskdefs,Javac,Cyclic-Dependent Modularization
main,org.apache.tools.ant.taskdefs,Javac,Insufficient Modularization
main,org.apache.tools.ant.taskdefs,ImplementationSpecificArgument,Broken Hierarchy
main,org.apache.tools.ant.taskdefs,ImplementationSpecificArgument,Cyclic Hierarchy
main,org.apache.tools.ant.taskdefs,Javadoc,Unutilized Abstraction
main,org.apache.tools.ant.taskdefs,Javadoc,Insufficient Modularization
main,org.apache.tools.ant.taskdefs,ExtensionInfo,Broken Hierarchy
main,org.apache.tools.ant.taskdefs,DocletInfo,Broken Hierarchy
main,org.apache.tools.ant.taskdefs,JavadocOutputStream,Unutilized Abstraction
main,org.apache.tools.ant.taskdefs,JDBCTask,Unutilized Abstraction
main,org.apache.tools.ant.taskdefs,JDBCTask,Broken Hierarchy
main,org.apache.tools.ant.taskdefs,Jikes,Unutilized Abstraction
main,org.apache.tools.ant.taskdefs,LoadFile,Unutilized Abstraction
main,org.apache.tools.ant.taskdefs,LoadProperties,Unutilized Abstraction
main,org.apache.tools.ant.taskdefs,LogStreamHandler,Unutilized Abstraction
main,org.apache.tools.ant.taskdefs,Manifest,Deficient Encapsulation
main,org.apache.tools.ant.taskdefs,Manifest,Insufficient Modularization
main,org.apache.tools.ant.taskdefs,ManifestException,Unutilized Abstraction
main,org.apache.tools.ant.taskdefs,ManifestTask,Unutilized Abstraction
main,org.apache.tools.ant.taskdefs,MatchingTask,Unutilized Abstraction
main,org.apache.tools.ant.taskdefs,MatchingTask,Broken Hierarchy
main,org.apache.tools.ant.taskdefs,MatchingTask,Wide Hierarchy
main,org.apache.tools.ant.taskdefs,MatchingTask,Insufficient Modularization
main,org.apache.tools.ant.taskdefs,Move,Unutilized Abstraction
main,org.apache.tools.ant.taskdefs,Move,Broken Hierarchy
main,org.apache.tools.ant.taskdefs,Pack,Unutilized Abstraction
main,org.apache.tools.ant.taskdefs,Parallel,Unutilized Abstraction
main,org.apache.tools.ant.taskdefs,TaskThread,Unutilized Abstraction
main,org.apache.tools.ant.taskdefs,Patch,Unutilized Abstraction
main,org.apache.tools.ant.taskdefs,PathConvert,Unutilized Abstraction
main,org.apache.tools.ant.taskdefs,PathConvert,Unexploited Encapsulation
main,org.apache.tools.ant.taskdefs,PathConvert,Missing Hierarchy
main,org.apache.tools.ant.taskdefs,ProcessDestroyer,Unutilized Abstraction
main,org.apache.tools.ant.taskdefs,Property,Insufficient Modularization
main,org.apache.tools.ant.taskdefs,PumpStreamHandler,Unutilized Abstraction
main,org.apache.tools.ant.taskdefs,Recorder,Unutilized Abstraction
main,org.apache.tools.ant.taskdefs,Rename,Unutilized Abstraction
main,org.apache.tools.ant.taskdefs,Replace,Unutilized Abstraction
main,org.apache.tools.ant.taskdefs,Replace,Broken Hierarchy
main,org.apache.tools.ant.taskdefs,Replace,Insufficient Modularization
main,org.apache.tools.ant.taskdefs,Rmic,Unutilized Abstraction
main,org.apache.tools.ant.taskdefs,Rmic,Broken Hierarchy
main,org.apache.tools.ant.taskdefs,Rmic,Cyclic-Dependent Modularization
main,org.apache.tools.ant.taskdefs,Rmic,Insufficient Modularization
main,org.apache.tools.ant.taskdefs,ImplementationSpecificArgument,Unutilized Abstraction
main,org.apache.tools.ant.taskdefs,ImplementationSpecificArgument,Broken Hierarchy
main,org.apache.tools.ant.taskdefs,ImplementationSpecificArgument,Cyclic Hierarchy
main,org.apache.tools.ant.taskdefs,SendEmail,Unutilized Abstraction
main,org.apache.tools.ant.taskdefs,Sequential,Unutilized Abstraction
main,org.apache.tools.ant.taskdefs,SignJar,Unutilized Abstraction
main,org.apache.tools.ant.taskdefs,Sleep,Unutilized Abstraction
main,org.apache.tools.ant.taskdefs,SQLExec,Unutilized Abstraction
main,org.apache.tools.ant.taskdefs,SQLExec,Deficient Encapsulation
main,org.apache.tools.ant.taskdefs,SQLExec,Broken Hierarchy
main,org.apache.tools.ant.taskdefs,DelimiterType,Deficient Encapsulation
main,org.apache.tools.ant.taskdefs,StreamPumper,Unutilized Abstraction
main,org.apache.tools.ant.taskdefs,Tar,Unutilized Abstraction
main,org.apache.tools.ant.taskdefs,Tar,Deficient Encapsulation
main,org.apache.tools.ant.taskdefs,Tar,Broken Hierarchy
main,org.apache.tools.ant.taskdefs,Tar,Insufficient Modularization
main,org.apache.tools.ant.taskdefs,TarFileSet,Broken Hierarchy
main,org.apache.tools.ant.taskdefs,TarLongFileMode,Deficient Encapsulation
main,org.apache.tools.ant.taskdefs,Taskdef,Unutilized Abstraction
main,org.apache.tools.ant.taskdefs,TaskOutputStream,Unutilized Abstraction
main,org.apache.tools.ant.taskdefs,TempFile,Unutilized Abstraction
main,org.apache.tools.ant.taskdefs,Touch,Unutilized Abstraction
main,org.apache.tools.ant.taskdefs,Transform,Unnecessary Abstraction
main,org.apache.tools.ant.taskdefs,Transform,Unutilized Abstraction
main,org.apache.tools.ant.taskdefs,Tstamp,Unutilized Abstraction
main,org.apache.tools.ant.taskdefs,Typedef,Unutilized Abstraction
main,org.apache.tools.ant.taskdefs,Unpack,Unutilized Abstraction
main,org.apache.tools.ant.taskdefs,Untar,Unutilized Abstraction
main,org.apache.tools.ant.taskdefs,Untar,Broken Hierarchy
main,org.apache.tools.ant.taskdefs,WaitFor,Unutilized Abstraction
main,org.apache.tools.ant.taskdefs,WaitFor,Broken Hierarchy
main,org.apache.tools.ant.taskdefs,Unit,Unutilized Abstraction
main,org.apache.tools.ant.taskdefs,War,Unutilized Abstraction
main,org.apache.tools.ant.taskdefs,War,Broken Hierarchy
main,org.apache.tools.ant.taskdefs,XmlProperty,Unutilized Abstraction
main,org.apache.tools.ant.taskdefs,XSLTLoggerAware,Unutilized Abstraction
main,org.apache.tools.ant.taskdefs,XSLTProcess,Unutilized Abstraction
main,org.apache.tools.ant.taskdefs,XSLTProcess,Broken Hierarchy
main,org.apache.tools.ant.taskdefs,XSLTProcess,Insufficient Modularization
main,org.apache.tools.ant.taskdefs,Zip,Unutilized Abstraction
main,org.apache.tools.ant.taskdefs,Zip,Broken Hierarchy
main,org.apache.tools.ant.taskdefs,Zip,Insufficient Modularization
main,org.apache.tools.ant.taskdefs.compilers,CompilerAdapter,Cyclic-Dependent Modularization
main,org.apache.tools.ant.taskdefs.compilers,DefaultCompilerAdapter,Unutilized Abstraction
main,org.apache.tools.ant.taskdefs.compilers,Gcj,Unutilized Abstraction
main,org.apache.tools.ant.taskdefs.compilers,Gcj,Broken Hierarchy
main,org.apache.tools.ant.taskdefs.compilers,Javac12,Unutilized Abstraction
main,org.apache.tools.ant.taskdefs.compilers,Javac12,Broken Hierarchy
main,org.apache.tools.ant.taskdefs.compilers,Javac13,Unutilized Abstraction
main,org.apache.tools.ant.taskdefs.compilers,Javac13,Broken Hierarchy
main,org.apache.tools.ant.taskdefs.compilers,JavacExternal,Unutilized Abstraction
main,org.apache.tools.ant.taskdefs.compilers,JavacExternal,Broken Hierarchy
main,org.apache.tools.ant.taskdefs.compilers,Jikes,Imperative Abstraction
main,org.apache.tools.ant.taskdefs.compilers,Jikes,Unutilized Abstraction
main,org.apache.tools.ant.taskdefs.compilers,Jikes,Broken Hierarchy
main,org.apache.tools.ant.taskdefs.compilers,Jvc,Unutilized Abstraction
main,org.apache.tools.ant.taskdefs.compilers,Jvc,Broken Hierarchy
main,org.apache.tools.ant.taskdefs.compilers,Kjc,Unutilized Abstraction
main,org.apache.tools.ant.taskdefs.compilers,Kjc,Broken Hierarchy
main,org.apache.tools.ant.taskdefs.compilers,Sj,Unutilized Abstraction
main,org.apache.tools.ant.taskdefs.compilers,Sj,Broken Hierarchy
main,org.apache.tools.ant.taskdefs.condition,And,Broken Hierarchy
main,org.apache.tools.ant.taskdefs.condition,Condition,Wide Hierarchy
main,org.apache.tools.ant.taskdefs.condition,ConditionBase,Unutilized Abstraction
main,org.apache.tools.ant.taskdefs.condition,ConditionBase,Broken Hierarchy
main,org.apache.tools.ant.taskdefs.condition,Http,Broken Hierarchy
main,org.apache.tools.ant.taskdefs.condition,IsFalse,Broken Hierarchy
main,org.apache.tools.ant.taskdefs.condition,IsSet,Broken Hierarchy
main,org.apache.tools.ant.taskdefs.condition,IsTrue,Broken Hierarchy
main,org.apache.tools.ant.taskdefs.condition,Not,Broken Hierarchy
main,org.apache.tools.ant.taskdefs.condition,Or,Broken Hierarchy
main,org.apache.tools.ant.taskdefs.condition,Socket,Broken Hierarchy
main,org.apache.tools.ant.taskdefs.cvslib,ChangeLogParser,Unutilized Abstraction
main,org.apache.tools.ant.taskdefs.cvslib,ChangeLogTask,Unutilized Abstraction
main,org.apache.tools.ant.taskdefs.cvslib,ChangeLogWriter,Unutilized Abstraction
main,org.apache.tools.ant.taskdefs.cvslib,CVSEntry,Unutilized Abstraction
main,org.apache.tools.ant.taskdefs.cvslib,CvsTagDiff,Unutilized Abstraction
main,org.apache.tools.ant.taskdefs.cvslib,CvsTagEntry,Unutilized Abstraction
main,org.apache.tools.ant.taskdefs.cvslib,RCSFile,Unutilized Abstraction
main,org.apache.tools.ant.taskdefs.cvslib,RedirectingOutputStream,Unutilized Abstraction
main,org.apache.tools.ant.taskdefs.cvslib,RedirectingOutputStream,Broken Hierarchy
main,org.apache.tools.ant.taskdefs.cvslib,RedirectingStreamHandler,Unutilized Abstraction
main,org.apache.tools.ant.taskdefs.email,EmailTask,Unutilized Abstraction
main,org.apache.tools.ant.taskdefs.email,EmailTask,Deficient Encapsulation
main,org.apache.tools.ant.taskdefs.email,EmailTask,Insufficient Modularization
main,org.apache.tools.ant.taskdefs.email,Mailer,Multifaceted Abstraction
main,org.apache.tools.ant.taskdefs.email,Message,Broken Hierarchy
main,org.apache.tools.ant.taskdefs.email,MimeMailer,Imperative Abstraction
main,org.apache.tools.ant.taskdefs.email,PlainMailer,Unutilized Abstraction
main,org.apache.tools.ant.taskdefs.email,UUMailer,Unutilized Abstraction
main,org.apache.tools.ant.taskdefs.optional,ANTLR,Unutilized Abstraction
main,org.apache.tools.ant.taskdefs.optional,Cab,Unutilized Abstraction
main,org.apache.tools.ant.taskdefs.optional,Cab,Broken Hierarchy
main,org.apache.tools.ant.taskdefs.optional,EchoProperties,Unutilized Abstraction
main,org.apache.tools.ant.taskdefs.optional,IContract,Unutilized Abstraction
main,org.apache.tools.ant.taskdefs.optional,IContract,Broken Hierarchy
main,org.apache.tools.ant.taskdefs.optional,IContract,Insufficient Modularization
main,org.apache.tools.ant.taskdefs.optional,IContractPresenceDetector,Unutilized Abstraction
main,org.apache.tools.ant.taskdefs.optional,ClasspathHelper,Unutilized Abstraction
main,org.apache.tools.ant.taskdefs.optional,Javah,Unutilized Abstraction
main,org.apache.tools.ant.taskdefs.optional,Native2Ascii,Unutilized Abstraction
main,org.apache.tools.ant.taskdefs.optional,Native2Ascii,Broken Hierarchy
main,org.apache.tools.ant.taskdefs.optional,ExtMapper,Unutilized Abstraction
main,org.apache.tools.ant.taskdefs.optional,NetRexxC,Unutilized Abstraction
main,org.apache.tools.ant.taskdefs.optional,NetRexxC,Broken Hierarchy
main,org.apache.tools.ant.taskdefs.optional,NetRexxC,Insufficient Modularization
main,org.apache.tools.ant.taskdefs.optional,PropertyFile,Deficient Encapsulation
main,org.apache.tools.ant.taskdefs.optional,PropertyFile,Cyclic-Dependent Modularization
main,org.apache.tools.ant.taskdefs.optional,PropertyFile,Insufficient Modularization
main,org.apache.tools.ant.taskdefs.optional,Entry,Deficient Encapsulation
main,org.apache.tools.ant.taskdefs.optional,Entry,Cyclic-Dependent Modularization
main,org.apache.tools.ant.taskdefs.optional,Operation,Deficient Encapsulation
main,org.apache.tools.ant.taskdefs.optional,Type,Deficient Encapsulation
main,org.apache.tools.ant.taskdefs.optional,RenameExtensions,Unutilized Abstraction
main,org.apache.tools.ant.taskdefs.optional,RenameExtensions,Broken Hierarchy
main,org.apache.tools.ant.taskdefs.optional,ReplaceRegExp,Unutilized Abstraction
main,org.apache.tools.ant.taskdefs.optional,Rpm,Unutilized Abstraction
main,org.apache.tools.ant.taskdefs.optional,Script,Unutilized Abstraction
main,org.apache.tools.ant.taskdefs.optional,StyleBook,Unutilized Abstraction
main,org.apache.tools.ant.taskdefs.optional,Test,Unutilized Abstraction
main,org.apache.tools.ant.taskdefs.optional,XalanLiaison,Unutilized Abstraction
main,org.apache.tools.ant.taskdefs.optional,XMLValidateTask,Unutilized Abstraction
main,org.apache.tools.ant.taskdefs.optional,XslpLiaison,Unutilized Abstraction
main,org.apache.tools.ant.taskdefs.optional.ccm,CCMCheck,Unutilized Abstraction
main,org.apache.tools.ant.taskdefs.optional.ccm,CCMCheck,Deficient Encapsulation
main,org.apache.tools.ant.taskdefs.optional.ccm,CCMCheck,Broken Hierarchy
main,org.apache.tools.ant.taskdefs.optional.ccm,CCMCheckin,Unutilized Abstraction
main,org.apache.tools.ant.taskdefs.optional.ccm,CCMCheckin,Broken Hierarchy
main,org.apache.tools.ant.taskdefs.optional.ccm,CCMCheckinDefault,Unutilized Abstraction
main,org.apache.tools.ant.taskdefs.optional.ccm,CCMCheckinDefault,Deficient Encapsulation
main,org.apache.tools.ant.taskdefs.optional.ccm,CCMCheckinDefault,Broken Hierarchy
main,org.apache.tools.ant.taskdefs.optional.ccm,CCMCheckout,Unutilized Abstraction
main,org.apache.tools.ant.taskdefs.optional.ccm,CCMCheckout,Broken Hierarchy
main,org.apache.tools.ant.taskdefs.optional.ccm,CCMCreateTask,Unutilized Abstraction
main,org.apache.tools.ant.taskdefs.optional.ccm,CCMCreateTask,Deficient Encapsulation
main,org.apache.tools.ant.taskdefs.optional.ccm,CCMCreateTask,Broken Hierarchy
main,org.apache.tools.ant.taskdefs.optional.ccm,CCMReconfigure,Unutilized Abstraction
main,org.apache.tools.ant.taskdefs.optional.ccm,CCMReconfigure,Deficient Encapsulation
main,org.apache.tools.ant.taskdefs.optional.ccm,CCMReconfigure,Broken Hierarchy
main,org.apache.tools.ant.taskdefs.optional.ccm,Continuus,Unutilized Abstraction
main,org.apache.tools.ant.taskdefs.optional.ccm,Continuus,Deficient Encapsulation
main,org.apache.tools.ant.taskdefs.optional.ccm,Continuus,Broken Hierarchy
main,org.apache.tools.ant.taskdefs.optional.clearcase,CCCheckin,Unutilized Abstraction
main,org.apache.tools.ant.taskdefs.optional.clearcase,CCCheckin,Deficient Encapsulation
main,org.apache.tools.ant.taskdefs.optional.clearcase,CCCheckin,Broken Hierarchy
main,org.apache.tools.ant.taskdefs.optional.clearcase,CCCheckout,Unutilized Abstraction
main,org.apache.tools.ant.taskdefs.optional.clearcase,CCCheckout,Deficient Encapsulation
main,org.apache.tools.ant.taskdefs.optional.clearcase,CCCheckout,Broken Hierarchy
main,org.apache.tools.ant.taskdefs.optional.clearcase,CCUnCheckout,Unutilized Abstraction
main,org.apache.tools.ant.taskdefs.optional.clearcase,CCUnCheckout,Deficient Encapsulation
main,org.apache.tools.ant.taskdefs.optional.clearcase,CCUnCheckout,Broken Hierarchy
main,org.apache.tools.ant.taskdefs.optional.clearcase,CCUpdate,Unutilized Abstraction
main,org.apache.tools.ant.taskdefs.optional.clearcase,CCUpdate,Deficient Encapsulation
main,org.apache.tools.ant.taskdefs.optional.clearcase,CCUpdate,Broken Hierarchy
main,org.apache.tools.ant.taskdefs.optional.clearcase,ClearCase,Unutilized Abstraction
main,org.apache.tools.ant.taskdefs.optional.clearcase,ClearCase,Deficient Encapsulation
main,org.apache.tools.ant.taskdefs.optional.clearcase,ClearCase,Broken Hierarchy
main,org.apache.tools.ant.taskdefs.optional.depend,AntAnalyzer,Unutilized Abstraction
main,org.apache.tools.ant.taskdefs.optional.depend,AntAnalyzer,Broken Hierarchy
main,org.apache.tools.ant.taskdefs.optional.depend,ClassFileIterator,Unutilized Abstraction
main,org.apache.tools.ant.taskdefs.optional.depend,Depend,Unutilized Abstraction
main,org.apache.tools.ant.taskdefs.optional.depend,Depend,Broken Hierarchy
main,org.apache.tools.ant.taskdefs.optional.depend,Depend,Insufficient Modularization
main,org.apache.tools.ant.taskdefs.optional.depend,ClassFileInfo,Unnecessary Abstraction
main,org.apache.tools.ant.taskdefs.optional.depend,DirectoryIterator,Unutilized Abstraction
main,org.apache.tools.ant.taskdefs.optional.depend,JarFileIterator,Unutilized Abstraction
main,org.apache.tools.ant.taskdefs.optional.depend.constantpool,ClassCPInfo,Cyclic-Dependent Modularization
main,org.apache.tools.ant.taskdefs.optional.depend.constantpool,ConstantCPInfo,Broken Hierarchy
main,org.apache.tools.ant.taskdefs.optional.depend.constantpool,ConstantPool,Cyclic-Dependent Modularization
main,org.apache.tools.ant.taskdefs.optional.depend.constantpool,ConstantPoolEntry,Deficient Encapsulation
main,org.apache.tools.ant.taskdefs.optional.depend.constantpool,ConstantPoolEntry,Cyclic-Dependent Modularization
main,org.apache.tools.ant.taskdefs.optional.depend.constantpool,DoubleCPInfo,Unutilized Abstraction
main,org.apache.tools.ant.taskdefs.optional.depend.constantpool,DoubleCPInfo,Broken Hierarchy
main,org.apache.tools.ant.taskdefs.optional.depend.constantpool,FieldRefCPInfo,Cyclic-Dependent Modularization
main,org.apache.tools.ant.taskdefs.optional.depend.constantpool,FloatCPInfo,Unutilized Abstraction
main,org.apache.tools.ant.taskdefs.optional.depend.constantpool,FloatCPInfo,Broken Hierarchy
main,org.apache.tools.ant.taskdefs.optional.depend.constantpool,IntegerCPInfo,Unutilized Abstraction
main,org.apache.tools.ant.taskdefs.optional.depend.constantpool,IntegerCPInfo,Broken Hierarchy
main,org.apache.tools.ant.taskdefs.optional.depend.constantpool,InterfaceMethodRefCPInfo,Cyclic-Dependent Modularization
main,org.apache.tools.ant.taskdefs.optional.depend.constantpool,LongCPInfo,Unutilized Abstraction
main,org.apache.tools.ant.taskdefs.optional.depend.constantpool,LongCPInfo,Broken Hierarchy
main,org.apache.tools.ant.taskdefs.optional.depend.constantpool,MethodRefCPInfo,Cyclic-Dependent Modularization
main,org.apache.tools.ant.taskdefs.optional.depend.constantpool,NameAndTypeCPInfo,Cyclic-Dependent Modularization
main,org.apache.tools.ant.taskdefs.optional.depend.constantpool,StringCPInfo,Unutilized Abstraction
main,org.apache.tools.ant.taskdefs.optional.depend.constantpool,StringCPInfo,Broken Hierarchy
main,org.apache.tools.ant.taskdefs.optional.dotnet,CSharp,Unutilized Abstraction
main,org.apache.tools.ant.taskdefs.optional.dotnet,CSharp,Broken Hierarchy
main,org.apache.tools.ant.taskdefs.optional.dotnet,CSharp,Insufficient Modularization
main,org.apache.tools.ant.taskdefs.optional.dotnet,Ilasm,Unutilized Abstraction
main,org.apache.tools.ant.taskdefs.optional.dotnet,Ilasm,Broken Hierarchy
main,org.apache.tools.ant.taskdefs.optional.dotnet,WsdlToDotnet,Unutilized Abstraction
main,org.apache.tools.ant.taskdefs.optional.ejb,BorlandDeploymentTool,Deficient Encapsulation
main,org.apache.tools.ant.taskdefs.optional.ejb,BorlandDeploymentTool,Broken Hierarchy
main,org.apache.tools.ant.taskdefs.optional.ejb,BorlandDeploymentTool,Cyclic-Dependent Modularization
main,org.apache.tools.ant.taskdefs.optional.ejb,BorlandGenerateClient,Cyclic-Dependent Modularization
main,org.apache.tools.ant.taskdefs.optional.ejb,DDCreator,Unutilized Abstraction
main,org.apache.tools.ant.taskdefs.optional.ejb,DDCreator,Broken Hierarchy
main,org.apache.tools.ant.taskdefs.optional.ejb,Ejbc,Unutilized Abstraction
main,org.apache.tools.ant.taskdefs.optional.ejb,Ejbc,Deficient Encapsulation
main,org.apache.tools.ant.taskdefs.optional.ejb,Ejbc,Broken Hierarchy
main,org.apache.tools.ant.taskdefs.optional.ejb,EJBDeploymentTool,Cyclic-Dependent Modularization
main,org.apache.tools.ant.taskdefs.optional.ejb,EjbJar,Unutilized Abstraction
main,org.apache.tools.ant.taskdefs.optional.ejb,EjbJar,Deficient Encapsulation
main,org.apache.tools.ant.taskdefs.optional.ejb,EjbJar,Broken Hierarchy
main,org.apache.tools.ant.taskdefs.optional.ejb,EjbJar,Cyclic-Dependent Modularization
main,org.apache.tools.ant.taskdefs.optional.ejb,EjbJar,Insufficient Modularization
main,org.apache.tools.ant.taskdefs.optional.ejb,DTDLocation,Unnecessary Abstraction
main,org.apache.tools.ant.taskdefs.optional.ejb,DTDLocation,Cyclic Hierarchy
main,org.apache.tools.ant.taskdefs.optional.ejb,Config,Deficient Encapsulation
main,org.apache.tools.ant.taskdefs.optional.ejb,Config,Broken Modularization
main,org.apache.tools.ant.taskdefs.optional.ejb,NamingScheme,Deficient Encapsulation
main,org.apache.tools.ant.taskdefs.optional.ejb,GenericDeploymentTool,Deficient Encapsulation
main,org.apache.tools.ant.taskdefs.optional.ejb,GenericDeploymentTool,Cyclic-Dependent Modularization
main,org.apache.tools.ant.taskdefs.optional.ejb,GenericDeploymentTool,Insufficient Modularization
main,org.apache.tools.ant.taskdefs.optional.ejb,IPlanetEjbc,Insufficient Modularization
main,org.apache.tools.ant.taskdefs.optional.ejb,EjbcException,Unutilized Abstraction
main,org.apache.tools.ant.taskdefs.optional.ejb,EjbInfo,Insufficient Modularization
main,org.apache.tools.ant.taskdefs.optional.ejb,IPlanetEjbcTask,Unutilized Abstraction
main,org.apache.tools.ant.taskdefs.optional.ejb,JbossDeploymentTool,Broken Hierarchy
main,org.apache.tools.ant.taskdefs.optional.ejb,JonasDeploymentTool,Cyclic-Dependent Modularization
main,org.apache.tools.ant.taskdefs.optional.ejb,WeblogicDeploymentTool,Deficient Encapsulation
main,org.apache.tools.ant.taskdefs.optional.ejb,WeblogicDeploymentTool,Cyclic-Dependent Modularization
main,org.apache.tools.ant.taskdefs.optional.ejb,WeblogicDeploymentTool,Insufficient Modularization
main,org.apache.tools.ant.taskdefs.optional.ejb,WebsphereDeploymentTool,Deficient Encapsulation
main,org.apache.tools.ant.taskdefs.optional.ejb,WebsphereDeploymentTool,Cyclic-Dependent Modularization
main,org.apache.tools.ant.taskdefs.optional.ejb,WebsphereDeploymentTool,Insufficient Modularization
main,org.apache.tools.ant.taskdefs.optional.ejb,WLRun,Unutilized Abstraction
main,org.apache.tools.ant.taskdefs.optional.ejb,WLStop,Unutilized Abstraction
main,org.apache.tools.ant.taskdefs.optional.extension,Extension,Deficient Encapsulation
main,org.apache.tools.ant.taskdefs.optional.extension,ExtensionAdapter,Unutilized Abstraction
main,org.apache.tools.ant.taskdefs.optional.extension,ExtensionSet,Unutilized Abstraction
main,org.apache.tools.ant.taskdefs.optional.extension,JarLibAvailableTask,Unutilized Abstraction
main,org.apache.tools.ant.taskdefs.optional.extension,JarLibDisplayTask,Unutilized Abstraction
main,org.apache.tools.ant.taskdefs.optional.extension,JarLibManifestTask,Unutilized Abstraction
main,org.apache.tools.ant.taskdefs.optional.extension,JarLibResolveTask,Unutilized Abstraction
main,org.apache.tools.ant.taskdefs.optional.extension,LibFileSet,Broken Hierarchy
main,org.apache.tools.ant.taskdefs.optional.extension,LibraryDisplayer,Unutilized Abstraction
main,org.apache.tools.ant.taskdefs.optional.extension,Specification,Deficient Encapsulation
main,org.apache.tools.ant.taskdefs.optional.i18n,Translate,Unutilized Abstraction
main,org.apache.tools.ant.taskdefs.optional.i18n,Translate,Broken Hierarchy
main,org.apache.tools.ant.taskdefs.optional.ide,VAJAntTool,Cyclic-Dependent Modularization
main,org.apache.tools.ant.taskdefs.optional.ide,VAJAntToolGUI,Cyclic-Dependent Modularization
main,org.apache.tools.ant.taskdefs.optional.ide,VAJAntToolGUI,Insufficient Modularization
main,org.apache.tools.ant.taskdefs.optional.ide,VAJBuildInfo,Insufficient Modularization
main,org.apache.tools.ant.taskdefs.optional.ide,BuildInterruptedException,Unutilized Abstraction
main,org.apache.tools.ant.taskdefs.optional.ide,VAJExport,Unutilized Abstraction
main,org.apache.tools.ant.taskdefs.optional.ide,VAJExport,Broken Hierarchy
main,org.apache.tools.ant.taskdefs.optional.ide,VAJExportServlet,Deficient Encapsulation
main,org.apache.tools.ant.taskdefs.optional.ide,VAJImport,Unutilized Abstraction
main,org.apache.tools.ant.taskdefs.optional.ide,VAJImport,Broken Hierarchy
main,org.apache.tools.ant.taskdefs.optional.ide,VAJLoad,Unutilized Abstraction
main,org.apache.tools.ant.taskdefs.optional.ide,VAJLoad,Broken Hierarchy
main,org.apache.tools.ant.taskdefs.optional.ide,VAJLoadProjects,Unnecessary Abstraction
main,org.apache.tools.ant.taskdefs.optional.ide,VAJLoadProjects,Unutilized Abstraction
main,org.apache.tools.ant.taskdefs.optional.ide,VAJLoadServlet,Deficient Encapsulation
main,org.apache.tools.ant.taskdefs.optional.ide,VAJRemoteUtil,Unutilized Abstraction
main,org.apache.tools.ant.taskdefs.optional.ide,VAJTask,Unutilized Abstraction
main,org.apache.tools.ant.taskdefs.optional.ide,VAJLocalToolUtil,Unutilized Abstraction
main,org.apache.tools.ant.taskdefs.optional.ide,VAJLocalToolUtil,Broken Hierarchy
main,org.apache.tools.ant.taskdefs.optional.ide,VAJToolsServlet,Deficient Encapsulation
main,org.apache.tools.ant.taskdefs.optional.ide,VAJLocalServletUtil,Unutilized Abstraction
main,org.apache.tools.ant.taskdefs.optional.ide,VAJLocalServletUtil,Broken Hierarchy
main,org.apache.tools.ant.taskdefs.optional.ide,VAJUtil,Deficient Encapsulation
main,org.apache.tools.ant.taskdefs.optional.ide,VAJWorkspaceScanner,Unutilized Abstraction
main,org.apache.tools.ant.taskdefs.optional.j2ee,AbstractHotDeploymentTool,Unutilized Abstraction
main,org.apache.tools.ant.taskdefs.optional.j2ee,AbstractHotDeploymentTool,Rebellious Hierarchy
main,org.apache.tools.ant.taskdefs.optional.j2ee,GenericHotDeploymentTool,Unutilized Abstraction
main,org.apache.tools.ant.taskdefs.optional.j2ee,GenericHotDeploymentTool,Cyclic-Dependent Modularization
main,org.apache.tools.ant.taskdefs.optional.j2ee,HotDeploymentTool,Unutilized Abstraction
main,org.apache.tools.ant.taskdefs.optional.j2ee,HotDeploymentTool,Deficient Encapsulation
main,org.apache.tools.ant.taskdefs.optional.j2ee,JonasHotDeploymentTool,Multipath Hierarchy
main,org.apache.tools.ant.taskdefs.optional.j2ee,ServerDeploy,Cyclic-Dependent Modularization
main,org.apache.tools.ant.taskdefs.optional.j2ee,WebLogicHotDeploymentTool,Unutilized Abstraction
main,org.apache.tools.ant.taskdefs.optional.j2ee,WebLogicHotDeploymentTool,Multipath Hierarchy
main,org.apache.tools.ant.taskdefs.optional.j2ee,WebLogicHotDeploymentTool,Cyclic-Dependent Modularization
main,org.apache.tools.ant.taskdefs.optional.javacc,JavaCC,Insufficient Modularization
main,org.apache.tools.ant.taskdefs.optional.javacc,JJTree,Unutilized Abstraction
main,org.apache.tools.ant.taskdefs.optional.jdepend,JDependTask,Insufficient Modularization
main,org.apache.tools.ant.taskdefs.optional.jlink,ConstantPool,Unutilized Abstraction
main,org.apache.tools.ant.taskdefs.optional.jlink,JlinkTask,Unutilized Abstraction
main,org.apache.tools.ant.taskdefs.optional.jlink,JlinkTask,Broken Hierarchy
main,org.apache.tools.ant.taskdefs.optional.jsp.compilers,DefaultJspCompilerAdapter,Unutilized Abstraction
main,org.apache.tools.ant.taskdefs.optional.jsp.compilers,JasperC,Unutilized Abstraction
main,org.apache.tools.ant.taskdefs.optional.jsp.compilers,JasperC,Broken Hierarchy
main,org.apache.tools.ant.taskdefs.optional.jsp.compilers,JspCompilerAdapter,Cyclic-Dependent Modularization
main,org.apache.tools.ant.taskdefs.optional.jsp,JspC,Unutilized Abstraction
main,org.apache.tools.ant.taskdefs.optional.jsp,JspC,Broken Hierarchy
main,org.apache.tools.ant.taskdefs.optional.jsp,JspC,Cyclic-Dependent Modularization
main,org.apache.tools.ant.taskdefs.optional.jsp,JspC,Insufficient Modularization
main,org.apache.tools.ant.taskdefs.optional.jsp,JspNameMangler,Deficient Encapsulation
main,org.apache.tools.ant.taskdefs.optional.jsp,WLJspc,Unutilized Abstraction
main,org.apache.tools.ant.taskdefs.optional.jsp,WLJspc,Broken Hierarchy
main,org.apache.tools.ant.taskdefs.optional.junit,AggregateTransformer,Deficient Encapsulation
main,org.apache.tools.ant.taskdefs.optional.junit,AggregateTransformer,Cyclic-Dependent Modularization
main,org.apache.tools.ant.taskdefs.optional.junit,BaseTest,Unutilized Abstraction
main,org.apache.tools.ant.taskdefs.optional.junit,BatchTest,Unutilized Abstraction
main,org.apache.tools.ant.taskdefs.optional.junit,BatchTest,Broken Hierarchy
main,org.apache.tools.ant.taskdefs.optional.junit,BriefJUnitResultFormatter,Unutilized Abstraction
main,org.apache.tools.ant.taskdefs.optional.junit,ArrayEnumeration,Unutilized Abstraction
main,org.apache.tools.ant.taskdefs.optional.junit,CompoundEnumeration,Unutilized Abstraction
main,org.apache.tools.ant.taskdefs.optional.junit,JUnitTask,Unutilized Abstraction
main,org.apache.tools.ant.taskdefs.optional.junit,JUnitTask,Insufficient Modularization
main,org.apache.tools.ant.taskdefs.optional.junit,JUnitTest,Unutilized Abstraction
main,org.apache.tools.ant.taskdefs.optional.junit,JUnitTest,Broken Hierarchy
main,org.apache.tools.ant.taskdefs.optional.junit,JUnitTestRunner,Deficient Encapsulation
main,org.apache.tools.ant.taskdefs.optional.junit,TeeOutputStream,Unutilized Abstraction
main,org.apache.tools.ant.taskdefs.optional.junit,PlainJUnitResultFormatter,Unutilized Abstraction
main,org.apache.tools.ant.taskdefs.optional.junit,Xalan1Executor,Unutilized Abstraction
main,org.apache.tools.ant.taskdefs.optional.junit,Xalan2Executor,Unutilized Abstraction
main,org.apache.tools.ant.taskdefs.optional.junit,XalanExecutor,Cyclic-Dependent Modularization
main,org.apache.tools.ant.taskdefs.optional.junit,XMLConstants,Unutilized Abstraction
main,org.apache.tools.ant.taskdefs.optional.junit,XMLConstants,Broken Modularization
main,org.apache.tools.ant.taskdefs.optional.junit,XMLJUnitResultFormatter,Broken Hierarchy
main,org.apache.tools.ant.taskdefs.optional.junit,XMLResultAggregator,Deficient Encapsulation
main,org.apache.tools.ant.taskdefs.optional.junit,XMLResultAggregator,Broken Hierarchy
main,org.apache.tools.ant.taskdefs.optional.metamata,MAudit,Broken Hierarchy
main,org.apache.tools.ant.taskdefs.optional.metamata,Violation,Unnecessary Abstraction
main,org.apache.tools.ant.taskdefs.optional.metamata,MMetrics,Unutilized Abstraction
main,org.apache.tools.ant.taskdefs.optional.metamata,MMetrics,Broken Hierarchy
main,org.apache.tools.ant.taskdefs.optional.metamata,MMetricsStreamHandler,Unutilized Abstraction
main,org.apache.tools.ant.taskdefs.optional.net,FTP,Unutilized Abstraction
main,org.apache.tools.ant.taskdefs.optional.net,FTP,Insufficient Modularization
main,org.apache.tools.ant.taskdefs.optional.net,FTPDirectoryScanner,Unutilized Abstraction
main,org.apache.tools.ant.taskdefs.optional.net,MimeMail,Unutilized Abstraction
main,org.apache.tools.ant.taskdefs.optional.net,SetProxy,Unutilized Abstraction
main,org.apache.tools.ant.taskdefs.optional.net,TelnetTask,Unutilized Abstraction
main,org.apache.tools.ant.taskdefs.optional.net,TelnetTask,Insufficient Modularization
main,org.apache.tools.ant.taskdefs.optional.net,TelnetWrite,Unutilized Abstraction
main,org.apache.tools.ant.taskdefs.optional.net,TelnetRead,Unutilized Abstraction
main,org.apache.tools.ant.taskdefs.optional.perforce,P4Add,Unutilized Abstraction
main,org.apache.tools.ant.taskdefs.optional.perforce,P4Add,Broken Hierarchy
main,org.apache.tools.ant.taskdefs.optional.perforce,P4Base,Wide Hierarchy
main,org.apache.tools.ant.taskdefs.optional.perforce,P4Change,Broken Hierarchy
main,org.apache.tools.ant.taskdefs.optional.perforce,P4Counter,Unutilized Abstraction
main,org.apache.tools.ant.taskdefs.optional.perforce,P4Counter,Deficient Encapsulation
main,org.apache.tools.ant.taskdefs.optional.perforce,P4Counter,Broken Hierarchy
main,org.apache.tools.ant.taskdefs.optional.perforce,P4Delete,Unutilized Abstraction
main,org.apache.tools.ant.taskdefs.optional.perforce,P4Delete,Deficient Encapsulation
main,org.apache.tools.ant.taskdefs.optional.perforce,P4Delete,Broken Hierarchy
main,org.apache.tools.ant.taskdefs.optional.perforce,P4Edit,Unutilized Abstraction
main,org.apache.tools.ant.taskdefs.optional.perforce,P4Edit,Deficient Encapsulation
main,org.apache.tools.ant.taskdefs.optional.perforce,P4Edit,Broken Hierarchy
main,org.apache.tools.ant.taskdefs.optional.perforce,P4Handler,Broken Hierarchy
main,org.apache.tools.ant.taskdefs.optional.perforce,P4HandlerAdapter,Unutilized Abstraction
main,org.apache.tools.ant.taskdefs.optional.perforce,P4HandlerAdapter,Rebellious Hierarchy
main,org.apache.tools.ant.taskdefs.optional.perforce,Reader,Unutilized Abstraction
main,org.apache.tools.ant.taskdefs.optional.perforce,P4Have,Unutilized Abstraction
main,org.apache.tools.ant.taskdefs.optional.perforce,P4Have,Broken Hierarchy
main,org.apache.tools.ant.taskdefs.optional.perforce,P4Label,Unutilized Abstraction
main,org.apache.tools.ant.taskdefs.optional.perforce,P4Label,Broken Hierarchy
main,org.apache.tools.ant.taskdefs.optional.perforce,P4OutputHandler,Unutilized Abstraction
main,org.apache.tools.ant.taskdefs.optional.perforce,P4Reopen,Unutilized Abstraction
main,org.apache.tools.ant.taskdefs.optional.perforce,P4Reopen,Broken Hierarchy
main,org.apache.tools.ant.taskdefs.optional.perforce,P4Revert,Unutilized Abstraction
main,org.apache.tools.ant.taskdefs.optional.perforce,P4Revert,Broken Hierarchy
main,org.apache.tools.ant.taskdefs.optional.perforce,P4Submit,Unutilized Abstraction
main,org.apache.tools.ant.taskdefs.optional.perforce,P4Submit,Deficient Encapsulation
main,org.apache.tools.ant.taskdefs.optional.perforce,P4Submit,Broken Hierarchy
main,org.apache.tools.ant.taskdefs.optional.perforce,P4Sync,Unutilized Abstraction
main,org.apache.tools.ant.taskdefs.optional.perforce,P4Sync,Broken Hierarchy
main,org.apache.tools.ant.taskdefs.optional.perforce,SimpleP4OutputHandler,Unutilized Abstraction
main,org.apache.tools.ant.taskdefs.optional.pvcs,Pvcs,Unutilized Abstraction
main,org.apache.tools.ant.taskdefs.optional.pvcs,Pvcs,Insufficient Modularization
main,org.apache.tools.ant.taskdefs.optional.scm,AntStarTeamCheckOut,Deficient Encapsulation
main,org.apache.tools.ant.taskdefs.optional.scm,AntStarTeamCheckOut,Insufficient Modularization
main,org.apache.tools.ant.taskdefs.optional.sitraka.bytecode.attributes,AttributeInfo,Broken Modularization
main,org.apache.tools.ant.taskdefs.optional.sitraka.bytecode,ClassPathLoader,Deficient Encapsulation
main,org.apache.tools.ant.taskdefs.optional.sitraka.bytecode,LoaderEnumeration,Unutilized Abstraction
main,org.apache.tools.ant.taskdefs.optional.sitraka.bytecode,NullLoader,Unutilized Abstraction
main,org.apache.tools.ant.taskdefs.optional.sitraka.bytecode,JarLoader,Unutilized Abstraction
main,org.apache.tools.ant.taskdefs.optional.sitraka.bytecode,DirectoryFilter,Unutilized Abstraction
main,org.apache.tools.ant.taskdefs.optional.sitraka.bytecode,ClassFilter,Unutilized Abstraction
main,org.apache.tools.ant.taskdefs.optional.sitraka.bytecode,Utils,Deficient Encapsulation
main,org.apache.tools.ant.taskdefs.optional.sitraka.bytecode,Utils,Insufficient Modularization
main,org.apache.tools.ant.taskdefs.optional.sitraka,Coverage,Unutilized Abstraction
main,org.apache.tools.ant.taskdefs.optional.sitraka,Coverage,Insufficient Modularization
main,org.apache.tools.ant.taskdefs.optional.sitraka,Finalsnapshot,Unutilized Abstraction
main,org.apache.tools.ant.taskdefs.optional.sitraka,CoverageStreamHandler,Unutilized Abstraction
main,org.apache.tools.ant.taskdefs.optional.sitraka,CoverageStreamHandler,Broken Hierarchy
main,org.apache.tools.ant.taskdefs.optional.sitraka,CovMerge,Unutilized Abstraction
main,org.apache.tools.ant.taskdefs.optional.sitraka,CovReport,Unutilized Abstraction
main,org.apache.tools.ant.taskdefs.optional.sitraka,Filters,Deficient Encapsulation
main,org.apache.tools.ant.taskdefs.optional.sitraka,ReportFilters,Unexploited Encapsulation
main,org.apache.tools.ant.taskdefs.optional.sitraka,ReportFilters,Missing Hierarchy
main,org.apache.tools.ant.taskdefs.optional.sitraka,FilterElement,Unutilized Abstraction
main,org.apache.tools.ant.taskdefs.optional.sitraka,Include,Unnecessary Abstraction
main,org.apache.tools.ant.taskdefs.optional.sitraka,Include,Unutilized Abstraction
main,org.apache.tools.ant.taskdefs.optional.sitraka,Exclude,Unnecessary Abstraction
main,org.apache.tools.ant.taskdefs.optional.sitraka,Exclude,Unutilized Abstraction
main,org.apache.tools.ant.taskdefs.optional.sos,SOS,Unutilized Abstraction
main,org.apache.tools.ant.taskdefs.optional.sos,SOS,Broken Hierarchy
main,org.apache.tools.ant.taskdefs.optional.sos,SOS,Insufficient Modularization
main,org.apache.tools.ant.taskdefs.optional.sos,SOSCheckin,Unutilized Abstraction
main,org.apache.tools.ant.taskdefs.optional.sos,SOSCheckin,Broken Hierarchy
main,org.apache.tools.ant.taskdefs.optional.sos,SOSCheckout,Unutilized Abstraction
main,org.apache.tools.ant.taskdefs.optional.sos,SOSCheckout,Broken Hierarchy
main,org.apache.tools.ant.taskdefs.optional.sos,SOSCmd,Broken Modularization
main,org.apache.tools.ant.taskdefs.optional.sos,SOSGet,Unutilized Abstraction
main,org.apache.tools.ant.taskdefs.optional.sos,SOSGet,Broken Hierarchy
main,org.apache.tools.ant.taskdefs.optional.sos,SOSLabel,Unutilized Abstraction
main,org.apache.tools.ant.taskdefs.optional.sos,SOSLabel,Broken Hierarchy
main,org.apache.tools.ant.taskdefs.optional.sound,SoundTask,Unutilized Abstraction
main,org.apache.tools.ant.taskdefs.optional.splash,SplashScreen,Unutilized Abstraction
main,org.apache.tools.ant.taskdefs.optional.splash,SplashTask,Unutilized Abstraction
main,org.apache.tools.ant.taskdefs.optional.starteam,StarTeamCheckin,Unutilized Abstraction
main,org.apache.tools.ant.taskdefs.optional.starteam,StarTeamCheckin,Broken Hierarchy
main,org.apache.tools.ant.taskdefs.optional.starteam,CheckinMap,Unutilized Abstraction
main,org.apache.tools.ant.taskdefs.optional.starteam,StarTeamCheckout,Unutilized Abstraction
main,org.apache.tools.ant.taskdefs.optional.starteam,StarTeamCheckout,Broken Hierarchy
main,org.apache.tools.ant.taskdefs.optional.starteam,CheckoutMap,Unutilized Abstraction
main,org.apache.tools.ant.taskdefs.optional.starteam,StarTeamLabel,Unutilized Abstraction
main,org.apache.tools.ant.taskdefs.optional.starteam,StarTeamLabel,Broken Hierarchy
main,org.apache.tools.ant.taskdefs.optional.starteam,StarTeamList,Unutilized Abstraction
main,org.apache.tools.ant.taskdefs.optional.starteam,StarTeamList,Broken Hierarchy
main,org.apache.tools.ant.taskdefs.optional.starteam,UnmatchedListingMap,Unutilized Abstraction
main,org.apache.tools.ant.taskdefs.optional.starteam,StarTeamTask,Unutilized Abstraction
main,org.apache.tools.ant.taskdefs.optional.starteam,StarTeamTask,Broken Hierarchy
main,org.apache.tools.ant.taskdefs.optional.starteam,TreeBasedTask,Unutilized Abstraction
main,org.apache.tools.ant.taskdefs.optional.starteam,TreeBasedTask,Deficient Encapsulation
main,org.apache.tools.ant.taskdefs.optional.starteam,TreeBasedTask,Broken Hierarchy
main,org.apache.tools.ant.taskdefs.optional.starteam,TreeBasedTask,Insufficient Modularization
main,org.apache.tools.ant.taskdefs.optional.vss,MSVSS,Unutilized Abstraction
main,org.apache.tools.ant.taskdefs.optional.vss,MSVSS,Deficient Encapsulation
main,org.apache.tools.ant.taskdefs.optional.vss,MSVSS,Broken Hierarchy
main,org.apache.tools.ant.taskdefs.optional.vss,MSVSSADD,Unutilized Abstraction
main,org.apache.tools.ant.taskdefs.optional.vss,MSVSSADD,Broken Hierarchy
main,org.apache.tools.ant.taskdefs.optional.vss,MSVSSCHECKIN,Unutilized Abstraction
main,org.apache.tools.ant.taskdefs.optional.vss,MSVSSCHECKIN,Broken Hierarchy
main,org.apache.tools.ant.taskdefs.optional.vss,MSVSSCHECKOUT,Unutilized Abstraction
main,org.apache.tools.ant.taskdefs.optional.vss,MSVSSCHECKOUT,Broken Hierarchy
main,org.apache.tools.ant.taskdefs.optional.vss,MSVSSCP,Unutilized Abstraction
main,org.apache.tools.ant.taskdefs.optional.vss,MSVSSCP,Broken Hierarchy
main,org.apache.tools.ant.taskdefs.optional.vss,MSVSSCREATE,Unutilized Abstraction
main,org.apache.tools.ant.taskdefs.optional.vss,MSVSSCREATE,Broken Hierarchy
main,org.apache.tools.ant.taskdefs.optional.vss,MSVSSGET,Unutilized Abstraction
main,org.apache.tools.ant.taskdefs.optional.vss,MSVSSGET,Broken Hierarchy
main,org.apache.tools.ant.taskdefs.optional.vss,MSVSSHISTORY,Unutilized Abstraction
main,org.apache.tools.ant.taskdefs.optional.vss,MSVSSHISTORY,Deficient Encapsulation
main,org.apache.tools.ant.taskdefs.optional.vss,MSVSSHISTORY,Broken Hierarchy
main,org.apache.tools.ant.taskdefs.optional.vss,MSVSSLABEL,Unutilized Abstraction
main,org.apache.tools.ant.taskdefs.optional.vss,MSVSSLABEL,Deficient Encapsulation
main,org.apache.tools.ant.taskdefs.optional.vss,MSVSSLABEL,Broken Hierarchy
main,org.apache.tools.ant.taskdefs.rmic,DefaultRmicAdapter,Unutilized Abstraction
main,org.apache.tools.ant.taskdefs.rmic,RmicFileNameMapper,Unutilized Abstraction
main,org.apache.tools.ant.taskdefs.rmic,KaffeRmic,Unutilized Abstraction
main,org.apache.tools.ant.taskdefs.rmic,KaffeRmic,Broken Hierarchy
main,org.apache.tools.ant.taskdefs.rmic,RmicAdapter,Cyclic-Dependent Modularization
main,org.apache.tools.ant.taskdefs.rmic,SunRmic,Unutilized Abstraction
main,org.apache.tools.ant.taskdefs.rmic,SunRmic,Broken Hierarchy
main,org.apache.tools.ant.taskdefs.rmic,WLRmic,Unutilized Abstraction
main,org.apache.tools.ant.taskdefs.rmic,WLRmic,Broken Hierarchy
main,org.apache.tools.ant.types,AbstractFileSet,Unutilized Abstraction
main,org.apache.tools.ant.types,AbstractFileSet,Insufficient Modularization
main,org.apache.tools.ant.types,AntFilterReader,Unutilized Abstraction
main,org.apache.tools.ant.types,AntFilterReader,Cyclic-Dependent Modularization
main,org.apache.tools.ant.types,Commandline,Cyclic-Dependent Modularization
main,org.apache.tools.ant.types,Commandline,Insufficient Modularization
main,org.apache.tools.ant.types,Argument,Cyclic-Dependent Modularization
main,org.apache.tools.ant.types,CommandlineJava,Insufficient Modularization
main,org.apache.tools.ant.types,DataType,Unutilized Abstraction
main,org.apache.tools.ant.types,DataType,Broken Hierarchy
main,org.apache.tools.ant.types,DataType,Wide Hierarchy
main,org.apache.tools.ant.types,Description,Unutilized Abstraction
main,org.apache.tools.ant.types,Description,Broken Hierarchy
main,org.apache.tools.ant.types,DirSet,Broken Hierarchy
main,org.apache.tools.ant.types,EnumeratedAttribute,Wide Hierarchy
main,org.apache.tools.ant.types,FileList,Unutilized Abstraction
main,org.apache.tools.ant.types,FileList,Cyclic-Dependent Modularization
main,org.apache.tools.ant.types,FileSet,Broken Hierarchy
main,org.apache.tools.ant.types,FilterChain,Unutilized Abstraction
main,org.apache.tools.ant.types,FilterChain,Cyclic-Dependent Modularization
main,org.apache.tools.ant.types,FilterSet,Unutilized Abstraction
main,org.apache.tools.ant.types,FilterSet,Deficient Encapsulation
main,org.apache.tools.ant.types,FilterSet,Broken Hierarchy
main,org.apache.tools.ant.types,FilterSet,Cyclic-Dependent Modularization
main,org.apache.tools.ant.types,FilterSet,Insufficient Modularization
main,org.apache.tools.ant.types,FiltersFile,Unutilized Abstraction
main,org.apache.tools.ant.types,FilterSetCollection,Cyclic-Dependent Modularization
main,org.apache.tools.ant.types,FlexInteger,Unutilized Abstraction
main,org.apache.tools.ant.types,Mapper,Unutilized Abstraction
main,org.apache.tools.ant.types,Parameterizable,Unutilized Abstraction
main,org.apache.tools.ant.types,Path,Unutilized Abstraction
main,org.apache.tools.ant.types,Path,Deficient Encapsulation
main,org.apache.tools.ant.types,Path,Unexploited Encapsulation
main,org.apache.tools.ant.types,Path,Missing Hierarchy
main,org.apache.tools.ant.types,Path,Cyclic-Dependent Modularization
main,org.apache.tools.ant.types,Path,Insufficient Modularization
main,org.apache.tools.ant.types,PathElement,Cyclic-Dependent Modularization
main,org.apache.tools.ant.types,PatternSet,Unutilized Abstraction
main,org.apache.tools.ant.types,PatternSet,Insufficient Modularization
main,org.apache.tools.ant.types,Reference,Cyclic-Dependent Modularization
main,org.apache.tools.ant.types,RegularExpression,Unutilized Abstraction
main,org.apache.tools.ant.types,RegularExpression,Deficient Encapsulation
main,org.apache.tools.ant.types,RegularExpression,Broken Hierarchy
main,org.apache.tools.ant.types,RegularExpression,Cyclic-Dependent Modularization
main,org.apache.tools.ant.types,Substitution,Unutilized Abstraction
main,org.apache.tools.ant.types,Substitution,Deficient Encapsulation
main,org.apache.tools.ant.types,Substitution,Broken Hierarchy
main,org.apache.tools.ant.types,XMLCatalog,Unutilized Abstraction
main,org.apache.tools.ant.types,ZipFileSet,Deficient Encapsulation
main,org.apache.tools.ant.types,ZipFileSet,Broken Hierarchy
main,org.apache.tools.ant.types.optional.depend,DependScanner,Deficient Encapsulation
main,org.apache.tools.ant.types.selectors,AndSelector,Unutilized Abstraction
main,org.apache.tools.ant.types.selectors,BaseExtendSelector,Unutilized Abstraction
main,org.apache.tools.ant.types.selectors,BaseExtendSelector,Broken Hierarchy
main,org.apache.tools.ant.types.selectors,BaseExtendSelector,Rebellious Hierarchy
main,org.apache.tools.ant.types.selectors,BaseSelector,Unutilized Abstraction
main,org.apache.tools.ant.types.selectors,BaseSelector,Broken Hierarchy
main,org.apache.tools.ant.types.selectors,BaseSelector,Rebellious Hierarchy
main,org.apache.tools.ant.types.selectors,BaseSelectorContainer,Unutilized Abstraction
main,org.apache.tools.ant.types.selectors,BaseSelectorContainer,Rebellious Hierarchy
main,org.apache.tools.ant.types.selectors,BaseSelectorContainer,Insufficient Modularization
main,org.apache.tools.ant.types.selectors,ContainsSelector,Unutilized Abstraction
main,org.apache.tools.ant.types.selectors,ContainsSelector,Deficient Encapsulation
main,org.apache.tools.ant.types.selectors,DateSelector,Unutilized Abstraction
main,org.apache.tools.ant.types.selectors,DateSelector,Deficient Encapsulation
main,org.apache.tools.ant.types.selectors,DependSelector,Unutilized Abstraction
main,org.apache.tools.ant.types.selectors,DepthSelector,Unutilized Abstraction
main,org.apache.tools.ant.types.selectors,DepthSelector,Deficient Encapsulation
main,org.apache.tools.ant.types.selectors,ExtendFileSelector,Unnecessary Abstraction
main,org.apache.tools.ant.types.selectors,ExtendFileSelector,Unutilized Abstraction
main,org.apache.tools.ant.types.selectors,ExtendSelector,Unutilized Abstraction
main,org.apache.tools.ant.types.selectors,FilenameSelector,Unutilized Abstraction
main,org.apache.tools.ant.types.selectors,FilenameSelector,Deficient Encapsulation
main,org.apache.tools.ant.types.selectors,MajoritySelector,Unutilized Abstraction
main,org.apache.tools.ant.types.selectors,NoneSelector,Unutilized Abstraction
main,org.apache.tools.ant.types.selectors,OrSelector,Unutilized Abstraction
main,org.apache.tools.ant.types.selectors,PresentSelector,Unutilized Abstraction
main,org.apache.tools.ant.types.selectors,SelectorContainer,Unutilized Abstraction
main,org.apache.tools.ant.types.selectors,SizeSelector,Unutilized Abstraction
main,org.apache.tools.ant.types.selectors,SizeSelector,Deficient Encapsulation
main,org.apache.tools.ant.util,DateUtils,Multifaceted Abstraction
main,org.apache.tools.ant.util,DateUtils,Deficient Encapsulation
main,org.apache.tools.ant.util,FileUtils,Cyclic-Dependent Modularization
main,org.apache.tools.ant.util,FileUtils,Insufficient Modularization
main,org.apache.tools.ant.util,FlatFileNameMapper,Unutilized Abstraction
main,org.apache.tools.ant.util,IdentityMapper,Unutilized Abstraction
main,org.apache.tools.ant.util,JavaEnvUtils,Deficient Encapsulation
main,org.apache.tools.ant.util,JavaEnvUtils,Cyclic-Dependent Modularization
main,org.apache.tools.ant.util,KeepAliveOutputStream,Unutilized Abstraction
main,org.apache.tools.ant.util,PackageNameMapper,Unutilized Abstraction
main,org.apache.tools.ant.util,RegexpPatternMapper,Unutilized Abstraction
main,org.apache.tools.ant.util,StringUtils,Deficient Encapsulation
main,org.apache.tools.ant.util,TaskLogger,Unutilized Abstraction
main,org.apache.tools.ant.util,TimeoutObserver,Cyclic-Dependent Modularization
main,org.apache.tools.ant.util,Watchdog,Cyclic-Dependent Modularization
main,org.apache.tools.ant.util.depend,AbstractAnalyzer,Unutilized Abstraction
main,org.apache.tools.ant.util.depend,AbstractAnalyzer,Deficient Encapsulation
main,org.apache.tools.ant.util.depend.bcel,AncestorAnalyzer,Unutilized Abstraction
main,org.apache.tools.ant.util.depend.bcel,AncestorAnalyzer,Broken Hierarchy
main,org.apache.tools.ant.util.depend.bcel,FullAnalyzer,Unutilized Abstraction
main,org.apache.tools.ant.util.depend.bcel,FullAnalyzer,Broken Hierarchy
main,org.apache.tools.ant.util.optional,NoExitSecurityManager,Unutilized Abstraction
main,org.apache.tools.ant.util.regexp,JakartaOroMatcher,Unutilized Abstraction
main,org.apache.tools.ant.util.regexp,JakartaOroRegexp,Unutilized Abstraction
main,org.apache.tools.ant.util.regexp,JakartaOroRegexp,Broken Hierarchy
main,org.apache.tools.ant.util.regexp,JakartaRegexpMatcher,Unutilized Abstraction
main,org.apache.tools.ant.util.regexp,JakartaRegexpRegexp,Unutilized Abstraction
main,org.apache.tools.ant.util.regexp,JakartaRegexpRegexp,Broken Hierarchy
main,org.apache.tools.ant.util.regexp,Jdk14RegexpMatcher,Unutilized Abstraction
main,org.apache.tools.ant.util.regexp,Jdk14RegexpRegexp,Unutilized Abstraction
main,org.apache.tools.ant.util.regexp,Jdk14RegexpRegexp,Broken Hierarchy
main,org.apache.tools.ant.util.regexp,RegexpFactory,Broken Hierarchy
main,org.apache.tools.ant.util.regexp,RegexpFactory,Cyclic-Dependent Modularization
main,org.apache.tools.bzip2,BZip2Constants,Unutilized Abstraction
main,org.apache.tools.bzip2,BZip2Constants,Broken Modularization
main,org.apache.tools.bzip2,CBZip2InputStream,Unutilized Abstraction
main,org.apache.tools.bzip2,CBZip2InputStream,Broken Hierarchy
main,org.apache.tools.bzip2,CBZip2InputStream,Insufficient Modularization
main,org.apache.tools.bzip2,CBZip2OutputStream,Unutilized Abstraction
main,org.apache.tools.bzip2,CBZip2OutputStream,Broken Hierarchy
main,org.apache.tools.bzip2,CBZip2OutputStream,Insufficient Modularization
main,org.apache.tools.bzip2,StackElem,Unnecessary Abstraction
main,org.apache.tools.bzip2,StackElem,Unutilized Abstraction
main,org.apache.tools.bzip2,CRC,Deficient Encapsulation
main,org.apache.tools.mail,ErrorInQuitException,Unutilized Abstraction
main,org.apache.tools.mail,MailMessage,Deficient Encapsulation
main,org.apache.tools.mail,MailPrintStream,Unutilized Abstraction
main,org.apache.tools.tar,TarBuffer,Deficient Encapsulation
main,org.apache.tools.tar,TarConstants,Broken Modularization
main,org.apache.tools.tar,TarEntry,Broken Hierarchy
main,org.apache.tools.tar,TarEntry,Insufficient Modularization
main,org.apache.tools.tar,TarOutputStream,Deficient Encapsulation
main,org.apache.tools.zip,AsiExtraField,Unutilized Abstraction
main,org.apache.tools.zip,AsiExtraField,Broken Hierarchy
main,org.apache.tools.zip,UnixStat,Broken Modularization
main,org.apache.tools.zip,ZipOutputStream,Deficient Encapsulation
