Kind,Name,CountClassCoupled,CountLineCode,Cyclomatic,SumCyclomatic,PercentLackOfCohesion,MaxInheritanceTree
File,"AllJUnitTests.java",,15,,2,,
File,"Ant.java",,78,,16,,
File,"AntStructure.java",,42,,5,,
File,"Available.java",,55,,14,,
File,"BuildEvent.java",,53,,11,,
File,"BuildException.java",,39,,10,,
File,"BuildListener.java",,11,,0,,
File,"Chmod.java",,48,,12,,
File,"CompileTask.java",,27,,5,,
File,"Copydir.java",,53,,9,,
File,"Copyfile.java",,29,,6,,
File,"Cvs.java",,64,,20,,
File,"DDCreator.java",,44,,8,,
File,"DDCreatorHelper.java",,50,,8,,
File,"DefaultLogger.java",,67,,17,,
File,"Delete.java",,58,,16,,
File,"Deltree.java",,43,,11,,
File,"DesirableFilter.java",,24,,6,,
File,"DirectoryScanner.java",,393,,103,,
File,"Echo.java",,13,,2,,
File,"EjbJar.java",,290,,41,,
File,"Ejbc.java",,61,,11,,
File,"EjbcHelper.java",,125,,18,,
File,"EnumeratedAttribute.java",,27,,8,,
File,"EnumeratedAttributeTest.java",,54,,11,,
File,"Exec.java",,136,,31,,
File,"Expand.java",,65,,12,,
File,"Filter.java",,15,,3,,
File,"FixCRLF.java",,188,,58,,
File,"GUnzip.java",,68,,16,,
File,"GZip.java",,56,,10,,
File,"Get.java",,62,,15,,
File,"IntrospectionHelper.java",,320,,67,,
File,"IntrospectionHelperTest.java",,128,,20,,
File,"Jar.java",,42,,9,,
File,"Java.java",,115,,28,,
File,"Javac.java",,154,,36,,
File,"JavacOutputStream.java",,33,,7,,
File,"Javadoc.java",,759,,205,,
File,"Jikes.java",,24,,3,,
File,"JikesOutputParser.java",,56,,17,,
File,"KeySubst.java",,101,,16,,
File,"Location.java",,30,,6,,
File,"MSVSS.java",,56,,9,,
File,"MSVSSGET.java",,105,,24,,
File,"MailMessage.java",,215,,54,,
File,"Main.java",,202,,39,,
File,"Map.java",,5,,0,,
File,"MatchingTask.java",,144,,42,,
File,"Mkdir.java",,21,,4,,
File,"NetRexxC.java",,188,,43,,
File,"Patch.java",,70,,18,,
File,"Path.java",,91,,25,,
File,"PathTest.java",,128,,13,,
File,"PathTokenizer.java",,40,,7,,
File,"Project.java",,60,,5,,
File,"ProjectHelper.java",,322,,78,,
File,"Property.java",,150,,36,,
File,"Rename.java",,30,,7,,
File,"RenameExtensions.java",,61,,14,,
File,"Replace.java",,78,,18,,
File,"Rmic.java",,245,,62,,
File,"Script.java",,61,,13,,
File,"SignJar.java",,116,,25,,
File,"Tar.java",,66,,11,,
File,"TarBuffer.java",,223,,56,,
File,"TarConstants.java",,25,,0,,
File,"TarEntry.java",,244,,46,,
File,"TarInputStream.java",,197,,41,,
File,"TarOutputStream.java",,121,,24,,
File,"TarUtils.java",,85,,20,,
File,"Target.java",,70,,20,,
File,"Task.java",,50,,15,,
File,"TaskAdapter.java",,28,,5,,
File,"TaskOutputStream.java",,28,,5,,
File,"Taskdef.java",,40,,8,,
File,"Touch.java",,98,,18,,
File,"Tstamp.java",,20,,2,,
File,"Untar.java",,73,,14,,
File,"WLRun.java",,73,,14,,
File,"WLStop.java",,42,,8,,
File,"XSLTLiaison.java",,6,,0,,
File,"XSLTProcess.java",,102,,22,,
File,"XalanLiaison.java",,20,,3,,
File,"XmlLogger.java",,155,,29,,
File,"XslpLiaison.java",,20,,3,,
File,"Zip.java",,130,,24,,
File,"build.xml",,199,0,0,,
File,"buildAnt.xml",,51,0,0,,
Package,"com",,0,,0,,
Package,"com.oreilly",,0,,0,,
Package,"com.oreilly.servlet",,215,,54,,
Public Class,"com.oreilly.servlet.MailMessage",1,177,,45,88,1
Public Constructor,"com.oreilly.servlet.MailMessage.MailMessage",,3,1,1,,
Public Constructor,"com.oreilly.servlet.MailMessage.MailMessage",,9,1,1,,
Public Method,"com.oreilly.servlet.MailMessage.bcc",,3,1,1,,
Public Method,"com.oreilly.servlet.MailMessage.cc",,4,1,1,,
Method,"com.oreilly.servlet.MailMessage.connect",,8,1,1,,
Method,"com.oreilly.servlet.MailMessage.disconnect",,5,4,4,,
Method,"com.oreilly.servlet.MailMessage.flushHeaders",,10,2,2,,
Public Method,"com.oreilly.servlet.MailMessage.from",,4,1,1,,
Public Method,"com.oreilly.servlet.MailMessage.getPrintStream",,8,1,1,,
Method,"com.oreilly.servlet.MailMessage.getReady",,8,2,2,,
Method,"com.oreilly.servlet.MailMessage.isResponseOK",,8,3,3,,
Static Method,"com.oreilly.servlet.MailMessage.sanitizeAddress",,31,9,9,,
Method,"com.oreilly.servlet.MailMessage.send",,8,2,2,,
Public Method,"com.oreilly.servlet.MailMessage.sendAndClose",,4,1,1,,
Method,"com.oreilly.servlet.MailMessage.sendData",,4,1,1,,
Method,"com.oreilly.servlet.MailMessage.sendDot",,4,1,1,,
Method,"com.oreilly.servlet.MailMessage.sendFrom",,4,1,1,,
Method,"com.oreilly.servlet.MailMessage.sendHelo",,5,1,1,,
Method,"com.oreilly.servlet.MailMessage.sendQuit",,4,1,1,,
Method,"com.oreilly.servlet.MailMessage.sendRcpt",,4,1,1,,
Method,"com.oreilly.servlet.MailMessage.setCcHeader",,3,1,1,,
Method,"com.oreilly.servlet.MailMessage.setFromHeader",,3,1,1,,
Public Method,"com.oreilly.servlet.MailMessage.setHeader",,3,1,1,,
Public Method,"com.oreilly.servlet.MailMessage.setSubject",,3,1,1,,
Method,"com.oreilly.servlet.MailMessage.setToHeader",,3,1,1,,
Public Method,"com.oreilly.servlet.MailMessage.to",,4,1,1,,
Method,"com.oreilly.servlet.MailMessage.vectorToList",,11,3,3,,
Class,"com.oreilly.servlet.MailPrintStream",0,34,,9,80,2
Public Constructor,"com.oreilly.servlet.MailPrintStream.MailPrintStream",,3,1,1,,
Method,"com.oreilly.servlet.MailPrintStream.rawPrint",,6,2,2,,
Method,"com.oreilly.servlet.MailPrintStream.rawWrite",,3,1,1,,
Public Method,"com.oreilly.servlet.MailPrintStream.write",,14,3,3,,
Public Method,"com.oreilly.servlet.MailPrintStream.write",,5,2,2,,
File,"core.html",,0,0,0,,
File,"design guide.xml",,81,0,0,,
File,"docbookx.css",,0,0,0,,
File,"index.html",,0,0,0,,
Package,"org",,0,,0,,
Package,"org.apache",,0,,0,,
Package,"org.apache.tools",,0,,0,,
Package,"org.apache.tools.ant",,2312,,497,,
Public Class,"org.apache.tools.ant.AllJUnitTests",3,11,,2,0,2
Public Constructor,"org.apache.tools.ant.AllJUnitTests.AllJUnitTests",,3,1,1,,
Public Static Method,"org.apache.tools.ant.AllJUnitTests.suite",,6,1,1,,
Public Class,"org.apache.tools.ant.BuildEvent",3,50,,11,72,2
Public Constructor,"org.apache.tools.ant.BuildEvent.BuildEvent",,6,1,1,,
Public Constructor,"org.apache.tools.ant.BuildEvent.BuildEvent",,6,1,1,,
Public Constructor,"org.apache.tools.ant.BuildEvent.BuildEvent",,6,1,1,,
Public Method,"org.apache.tools.ant.BuildEvent.getException",,3,1,1,,
Public Method,"org.apache.tools.ant.BuildEvent.getMessage",,3,1,1,,
Public Method,"org.apache.tools.ant.BuildEvent.getPriority",,3,1,1,,
Public Method,"org.apache.tools.ant.BuildEvent.getProject",,3,1,1,,
Public Method,"org.apache.tools.ant.BuildEvent.getTarget",,3,1,1,,
Public Method,"org.apache.tools.ant.BuildEvent.getTask",,3,1,1,,
Public Method,"org.apache.tools.ant.BuildEvent.setException",,3,1,1,,
Public Method,"org.apache.tools.ant.BuildEvent.setMessage",,4,1,1,,
Public Class,"org.apache.tools.ant.BuildException",1,38,,10,60,2
Public Constructor,"org.apache.tools.ant.BuildException.BuildException",,3,1,1,,
Public Constructor,"org.apache.tools.ant.BuildException.BuildException",,4,1,1,,
Public Constructor,"org.apache.tools.ant.BuildException.BuildException",,4,1,1,,
Public Constructor,"org.apache.tools.ant.BuildException.BuildException",,4,1,1,,
Public Constructor,"org.apache.tools.ant.BuildException.BuildException",,3,1,1,,
Public Constructor,"org.apache.tools.ant.BuildException.BuildException",,4,1,1,,
Public Method,"org.apache.tools.ant.BuildException.getException",,3,1,1,,
Public Method,"org.apache.tools.ant.BuildException.getLocation",,3,1,1,,
Public Method,"org.apache.tools.ant.BuildException.setLocation",,3,1,1,,
Public Method,"org.apache.tools.ant.BuildException.toString",,3,1,1,,
Public Interface,"org.apache.tools.ant.BuildListener",1,8,,0,0,2
Public Abstract Method,"org.apache.tools.ant.BuildListener.buildFinished",,1,0,0,,
Public Abstract Method,"org.apache.tools.ant.BuildListener.buildStarted",,1,0,0,,
Public Abstract Method,"org.apache.tools.ant.BuildListener.messageLogged",,1,0,0,,
Public Abstract Method,"org.apache.tools.ant.BuildListener.targetFinished",,1,0,0,,
Public Abstract Method,"org.apache.tools.ant.BuildListener.targetStarted",,1,0,0,,
Public Abstract Method,"org.apache.tools.ant.BuildListener.taskFinished",,1,0,0,,
Public Abstract Method,"org.apache.tools.ant.BuildListener.taskStarted",,1,0,0,,
Public Class,"org.apache.tools.ant.DefaultLogger",5,65,,17,72,1
Public Constructor,"org.apache.tools.ant.DefaultLogger.DefaultLogger",,4,1,1,,
Public Method,"org.apache.tools.ant.DefaultLogger.buildFinished",,20,4,4,,
Public Method,"org.apache.tools.ant.DefaultLogger.buildStarted",,3,1,1,,
Private Static Method,"org.apache.tools.ant.DefaultLogger.formatTime",,10,2,2,,
Public Method,"org.apache.tools.ant.DefaultLogger.messageLogged",,13,4,4,,
Public Method,"org.apache.tools.ant.DefaultLogger.targetFinished",,2,1,1,,
Public Method,"org.apache.tools.ant.DefaultLogger.targetStarted",,5,2,2,,
Public Method,"org.apache.tools.ant.DefaultLogger.taskFinished",,1,1,1,,
Public Method,"org.apache.tools.ant.DefaultLogger.taskStarted",,1,1,1,,
Public Class,"org.apache.tools.ant.DesirableFilter",0,20,,6,0,1
Public Method,"org.apache.tools.ant.DesirableFilter.accept",,18,6,6,,
Public Class,"org.apache.tools.ant.DirectoryScanner",0,390,,103,84,1
Public Constructor,"org.apache.tools.ant.DirectoryScanner.DirectoryScanner",,2,1,1,,
Public Method,"org.apache.tools.ant.DirectoryScanner.addDefaultExcludes",,12,4,4,,
Public Method,"org.apache.tools.ant.DirectoryScanner.getBasedir",,3,1,1,,
Public Method,"org.apache.tools.ant.DirectoryScanner.getExcludedDirectories",,8,2,2,,
Public Method,"org.apache.tools.ant.DirectoryScanner.getExcludedFiles",,8,2,2,,
Public Method,"org.apache.tools.ant.DirectoryScanner.getIncludedDirectories",,8,2,2,,
Public Method,"org.apache.tools.ant.DirectoryScanner.getIncludedFiles",,8,2,2,,
Public Method,"org.apache.tools.ant.DirectoryScanner.getNotIncludedDirectories",,8,2,2,,
Public Method,"org.apache.tools.ant.DirectoryScanner.getNotIncludedFiles",,8,2,2,,
Private Method,"org.apache.tools.ant.DirectoryScanner.isExcluded",,8,3,3,,
Private Method,"org.apache.tools.ant.DirectoryScanner.isIncluded",,8,3,3,,
Private Static Method,"org.apache.tools.ant.DirectoryScanner.match",,99,28,28,,
Private Static Method,"org.apache.tools.ant.DirectoryScanner.matchPath",,101,27,27,,
Public Method,"org.apache.tools.ant.DirectoryScanner.scan",,25,6,6,,
Private Method,"org.apache.tools.ant.DirectoryScanner.scandir",,29,8,8,,
Public Method,"org.apache.tools.ant.DirectoryScanner.setBasedir",,3,1,1,,
Public Method,"org.apache.tools.ant.DirectoryScanner.setBasedir",,3,1,1,,
Public Method,"org.apache.tools.ant.DirectoryScanner.setExcludes",,15,4,4,,
Public Method,"org.apache.tools.ant.DirectoryScanner.setIncludes",,15,4,4,,
Public Abstract Class,"org.apache.tools.ant.EnumeratedAttribute",1,26,,8,50,1
Public Constructor,"org.apache.tools.ant.EnumeratedAttribute.EnumeratedAttribute",,1,1,1,,
Public Method,"org.apache.tools.ant.EnumeratedAttribute.containsValue",,12,4,4,,
Public Method,"org.apache.tools.ant.EnumeratedAttribute.getValue",,3,1,1,,
Public Abstract Method,"org.apache.tools.ant.EnumeratedAttribute.getValues",,1,0,0,,
Public Method,"org.apache.tools.ant.EnumeratedAttribute.setValue",,6,2,2,,
Public Class,"org.apache.tools.ant.EnumeratedAttributeTest",4,51,,9,33,2
Public Constructor,"org.apache.tools.ant.EnumeratedAttributeTest.EnumeratedAttributeTest",,3,1,1,,
Public Static Class,"org.apache.tools.ant.EnumeratedAttributeTest.TestNormal",1,5,,1,0,2
Public Method,"org.apache.tools.ant.EnumeratedAttributeTest.TestNormal.getValues",,3,1,1,,
Public Static Class,"org.apache.tools.ant.EnumeratedAttributeTest.TestNull",0,5,,1,0,2
Public Method,"org.apache.tools.ant.EnumeratedAttributeTest.TestNull.getValues",,3,1,1,,
Public Method,"org.apache.tools.ant.EnumeratedAttributeTest.testContains",,13,2,2,,
Public Method,"org.apache.tools.ant.EnumeratedAttributeTest.testExceptions",,22,6,6,,
Public Class,"org.apache.tools.ant.IntrospectionHelper",7,316,,49,79,1
Private Interface,"org.apache.tools.ant.IntrospectionHelper.AttributeSetter",2,5,,0,0,0
Public Abstract Method,"org.apache.tools.ant.IntrospectionHelper.AttributeSetter.set",,3,0,0,,
Private Constructor,"org.apache.tools.ant.IntrospectionHelper.IntrospectionHelper",,76,9,9,,
Anonymous Class,"org.apache.tools.ant.IntrospectionHelper.IntrospectionHelper.(for_loop_1).(Anon_1)",1,6,,1,0,1
Public Method,"org.apache.tools.ant.IntrospectionHelper.IntrospectionHelper.(for_loop_1).(Anon_1).create",,5,1,1,,
Anonymous Class,"org.apache.tools.ant.IntrospectionHelper.IntrospectionHelper.(for_loop_1).(Anon_2)",1,7,,1,0,1
Public Method,"org.apache.tools.ant.IntrospectionHelper.IntrospectionHelper.(for_loop_1).(Anon_2).create",,6,1,1,,
Private Interface,"org.apache.tools.ant.IntrospectionHelper.NestedCreator",0,4,,0,0,0
Public Abstract Method,"org.apache.tools.ant.IntrospectionHelper.NestedCreator.create",,2,0,0,,
Public Method,"org.apache.tools.ant.IntrospectionHelper.addText",,18,5,5,,
Private Method,"org.apache.tools.ant.IntrospectionHelper.createAttributeSetter",,120,14,14,,
Anonymous Class,"org.apache.tools.ant.IntrospectionHelper.createAttributeSetter.(Anon_10)",2,5,,1,0,1
Public Method,"org.apache.tools.ant.IntrospectionHelper.createAttributeSetter.(Anon_10).set",,4,1,1,,
Anonymous Class,"org.apache.tools.ant.IntrospectionHelper.createAttributeSetter.(Anon_11)",2,6,,1,0,1
Public Method,"org.apache.tools.ant.IntrospectionHelper.createAttributeSetter.(Anon_11).set",,5,1,1,,
Anonymous Class,"org.apache.tools.ant.IntrospectionHelper.createAttributeSetter.(Anon_12)",3,9,,2,0,1
Public Method,"org.apache.tools.ant.IntrospectionHelper.createAttributeSetter.(Anon_12).set",,8,2,2,,
Anonymous Class,"org.apache.tools.ant.IntrospectionHelper.createAttributeSetter.(Anon_13)",2,5,,1,0,1
Public Method,"org.apache.tools.ant.IntrospectionHelper.createAttributeSetter.(Anon_13).set",,4,1,1,,
Anonymous Class,"org.apache.tools.ant.IntrospectionHelper.createAttributeSetter.(Anon_14)",4,12,,2,0,1
Public Method,"org.apache.tools.ant.IntrospectionHelper.createAttributeSetter.(Anon_14).set",,11,2,2,,
Anonymous Class,"org.apache.tools.ant.IntrospectionHelper.createAttributeSetter.(Anon_15)",3,10,,2,0,1
Public Method,"org.apache.tools.ant.IntrospectionHelper.createAttributeSetter.(Anon_15).set",,9,2,2,,
Anonymous Class,"org.apache.tools.ant.IntrospectionHelper.createAttributeSetter.(Anon_3)",2,5,,1,0,1
Public Method,"org.apache.tools.ant.IntrospectionHelper.createAttributeSetter.(Anon_3).set",,4,1,1,,
Anonymous Class,"org.apache.tools.ant.IntrospectionHelper.createAttributeSetter.(Anon_4)",2,5,,1,0,1
Public Method,"org.apache.tools.ant.IntrospectionHelper.createAttributeSetter.(Anon_4).set",,4,1,1,,
Anonymous Class,"org.apache.tools.ant.IntrospectionHelper.createAttributeSetter.(Anon_5)",2,5,,1,0,1
Public Method,"org.apache.tools.ant.IntrospectionHelper.createAttributeSetter.(Anon_5).set",,4,1,1,,
Anonymous Class,"org.apache.tools.ant.IntrospectionHelper.createAttributeSetter.(Anon_6)",2,5,,1,0,1
Public Method,"org.apache.tools.ant.IntrospectionHelper.createAttributeSetter.(Anon_6).set",,4,1,1,,
Anonymous Class,"org.apache.tools.ant.IntrospectionHelper.createAttributeSetter.(Anon_7)",2,5,,1,0,1
Public Method,"org.apache.tools.ant.IntrospectionHelper.createAttributeSetter.(Anon_7).set",,4,1,1,,
Anonymous Class,"org.apache.tools.ant.IntrospectionHelper.createAttributeSetter.(Anon_8)",2,5,,1,0,1
Public Method,"org.apache.tools.ant.IntrospectionHelper.createAttributeSetter.(Anon_8).set",,4,1,1,,
Anonymous Class,"org.apache.tools.ant.IntrospectionHelper.createAttributeSetter.(Anon_9)",2,5,,1,0,1
Public Method,"org.apache.tools.ant.IntrospectionHelper.createAttributeSetter.(Anon_9).set",,4,1,1,,
Public Method,"org.apache.tools.ant.IntrospectionHelper.createElement",,22,6,6,,
Public Method,"org.apache.tools.ant.IntrospectionHelper.getAttributeType",,10,2,2,,
Public Method,"org.apache.tools.ant.IntrospectionHelper.getAttributes",,3,1,1,,
Public Method,"org.apache.tools.ant.IntrospectionHelper.getElementType",,10,2,2,,
Public Static Method,"org.apache.tools.ant.IntrospectionHelper.getHelper",,8,2,2,,
Public Method,"org.apache.tools.ant.IntrospectionHelper.getNestedElements",,3,1,1,,
Private Method,"org.apache.tools.ant.IntrospectionHelper.getPropertyName",,4,1,1,,
Public Method,"org.apache.tools.ant.IntrospectionHelper.setAttribute",,21,5,5,,
Public Method,"org.apache.tools.ant.IntrospectionHelper.supportsCharacters",,3,1,1,,
Public Class,"org.apache.tools.ant.IntrospectionHelperTest",2,122,,20,0,2
Public Constructor,"org.apache.tools.ant.IntrospectionHelperTest.IntrospectionHelperTest",,3,1,1,,
Public Method,"org.apache.tools.ant.IntrospectionHelperTest.testAddText",,16,3,3,,
Public Method,"org.apache.tools.ant.IntrospectionHelperTest.testElementCreators",,74,14,14,,
Public Method,"org.apache.tools.ant.IntrospectionHelperTest.testGetNestedElements",,16,1,1,,
Public Method,"org.apache.tools.ant.IntrospectionHelperTest.testSupportsCharacters",,10,1,1,,
Public Class,"org.apache.tools.ant.Location",0,28,,6,68,1
Private Constructor,"org.apache.tools.ant.Location.Location",,3,1,1,,
Public Constructor,"org.apache.tools.ant.Location.Location",,3,1,1,,
Public Constructor,"org.apache.tools.ant.Location.Location",,5,1,1,,
Public Method,"org.apache.tools.ant.Location.toString",,12,3,3,,
Public Class,"org.apache.tools.ant.Main",5,199,,39,69,1
Protected Constructor,"org.apache.tools.ant.Main.Main",,80,19,19,,
Protected Method,"org.apache.tools.ant.Main.addBuildListeners",,14,3,3,,
Private Method,"org.apache.tools.ant.Main.createDefaultBuildListener",,3,1,1,,
Public Static Method,"org.apache.tools.ant.Main.main",,9,2,2,,
Private Static Method,"org.apache.tools.ant.Main.printUsage",,15,1,1,,
Private Static Method,"org.apache.tools.ant.Main.printVersion",,22,3,3,,
Private Method,"org.apache.tools.ant.Main.runBuild",,47,10,10,,
Public Interface,"org.apache.tools.ant.Map",0,3,,0,0,0
Public Abstract Method,"org.apache.tools.ant.Map.get",,1,0,0,,
Public Class,"org.apache.tools.ant.Path",1,85,,25,77,1
Public Constructor,"org.apache.tools.ant.Path.Path",,3,1,1,,
Public Constructor,"org.apache.tools.ant.Path.Path",,4,1,1,,
Public Method,"org.apache.tools.ant.Path.append",,8,3,3,,
Public Method,"org.apache.tools.ant.Path.createPathElement",,3,1,1,,
Public Method,"org.apache.tools.ant.Path.list",,5,1,1,,
Public Method,"org.apache.tools.ant.Path.setLocation",,8,3,3,,
Public Method,"org.apache.tools.ant.Path.setPath",,9,3,3,,
Public Method,"org.apache.tools.ant.Path.toString",,10,3,3,,
Public Static Method,"org.apache.tools.ant.Path.translateFile",,8,3,3,,
Protected Static Method,"org.apache.tools.ant.Path.translateFileSep",,7,2,2,,
Public Static Method,"org.apache.tools.ant.Path.translatePath",,15,4,4,,
Public Class,"org.apache.tools.ant.PathTest",1,124,,13,66,2
Public Constructor,"org.apache.tools.ant.PathTest.PathTest",,3,1,1,,
Public Method,"org.apache.tools.ant.PathTest.testAppending",,14,1,1,,
Public Method,"org.apache.tools.ant.PathTest.testConstructor",,54,6,6,,
Public Method,"org.apache.tools.ant.PathTest.testEmpyPath",,14,1,1,,
Public Method,"org.apache.tools.ant.PathTest.testSetLocation",,22,3,3,,
Public Method,"org.apache.tools.ant.PathTest.testUnique",,14,1,1,,
Public Class,"org.apache.tools.ant.PathTokenizer",0,37,,7,22,1
Public Constructor,"org.apache.tools.ant.PathTokenizer.PathTokenizer",,4,1,1,,
Public Method,"org.apache.tools.ant.PathTokenizer.hasMoreTokens",,6,2,2,,
Public Method,"org.apache.tools.ant.PathTokenizer.nextToken",,22,4,4,,
Public Class,"org.apache.tools.ant.Project",1,55,,5,100,1
Public Constructor,"org.apache.tools.ant.Project.Project",,2,1,1,,
Public Method,"org.apache.tools.ant.Project.init",,26,4,4,,
Public Class,"org.apache.tools.ant.ProjectHelper",6,315,,26,73,1
Private Class,"org.apache.tools.ant.ProjectHelper.AbstractHandler",1,19,,5,50,2
Public Constructor,"org.apache.tools.ant.ProjectHelper.AbstractHandler.AbstractHandler",,4,1,1,,
Public Method,"org.apache.tools.ant.ProjectHelper.AbstractHandler.characters",,6,2,2,,
Public Method,"org.apache.tools.ant.ProjectHelper.AbstractHandler.endElement",,3,1,1,,
Public Method,"org.apache.tools.ant.ProjectHelper.AbstractHandler.startElement",,3,1,1,,
Private Class,"org.apache.tools.ant.ProjectHelper.NestedElementHandler",3,34,,7,58,3
Public Constructor,"org.apache.tools.ant.ProjectHelper.NestedElementHandler.NestedElementHandler",,4,1,1,,
Public Method,"org.apache.tools.ant.ProjectHelper.NestedElementHandler.characters",,11,3,3,,
Public Method,"org.apache.tools.ant.ProjectHelper.NestedElementHandler.init",,11,2,2,,
Public Method,"org.apache.tools.ant.ProjectHelper.NestedElementHandler.startElement",,3,1,1,,
Private Class,"org.apache.tools.ant.ProjectHelper.ProjectHandler",3,55,,17,0,3
Public Constructor,"org.apache.tools.ant.ProjectHelper.ProjectHandler.ProjectHandler",,3,1,1,,
Private Method,"org.apache.tools.ant.ProjectHelper.ProjectHandler.handleProperty",,3,1,1,,
Private Method,"org.apache.tools.ant.ProjectHelper.ProjectHandler.handleTarget",,3,1,1,,
Private Method,"org.apache.tools.ant.ProjectHelper.ProjectHandler.handleTaskdef",,3,1,1,,
Public Method,"org.apache.tools.ant.ProjectHelper.ProjectHandler.init",,30,9,9,,
Public Method,"org.apache.tools.ant.ProjectHelper.ProjectHandler.startElement",,11,4,4,,
Private Constructor,"org.apache.tools.ant.ProjectHelper.ProjectHelper",,4,1,1,,
Private Class,"org.apache.tools.ant.ProjectHelper.RootHandler",2,12,,3,0,2
Public Method,"org.apache.tools.ant.ProjectHelper.RootHandler.setDocumentLocator",,3,1,1,,
Public Method,"org.apache.tools.ant.ProjectHelper.RootHandler.startElement",,7,2,2,,
Private Class,"org.apache.tools.ant.ProjectHelper.TargetHandler",3,50,,13,33,3
Public Constructor,"org.apache.tools.ant.ProjectHelper.TargetHandler.TargetHandler",,3,1,1,,
Public Method,"org.apache.tools.ant.ProjectHelper.TargetHandler.init",,41,11,11,,
Public Method,"org.apache.tools.ant.ProjectHelper.TargetHandler.startElement",,3,1,1,,
Private Class,"org.apache.tools.ant.ProjectHelper.TaskHandler",7,32,,7,37,3
Public Constructor,"org.apache.tools.ant.ProjectHelper.TaskHandler.TaskHandler",,4,1,1,,
Public Method,"org.apache.tools.ant.ProjectHelper.TaskHandler.characters",,11,3,3,,
Public Method,"org.apache.tools.ant.ProjectHelper.TaskHandler.init",,10,2,2,,
Public Method,"org.apache.tools.ant.ProjectHelper.TaskHandler.startElement",,3,1,1,,
Private Method,"org.apache.tools.ant.ProjectHelper.configure",,23,5,5,,
Public Static Method,"org.apache.tools.ant.ProjectHelper.configureProject",,3,1,1,,
Private Static Method,"org.apache.tools.ant.ProjectHelper.getParserFactory",,6,2,2,,
Private Method,"org.apache.tools.ant.ProjectHelper.parse",,36,9,9,,
Public Static Method,"org.apache.tools.ant.ProjectHelper.replaceProperties",,34,8,8,,
Public Class,"org.apache.tools.ant.Target",3,67,,20,85,1
Public Method,"org.apache.tools.ant.Target.addDependency",,3,1,1,,
Public Method,"org.apache.tools.ant.Target.addTask",,3,1,1,,
Public Method,"org.apache.tools.ant.Target.execute",,18,4,4,,
Public Method,"org.apache.tools.ant.Target.getDependencies",,3,1,1,,
Public Method,"org.apache.tools.ant.Target.getName",,3,1,1,,
Public Method,"org.apache.tools.ant.Target.getProject",,3,1,1,,
Constructor,"org.apache.tools.ant.Target.project.log",,0,1,1,,
Public Method,"org.apache.tools.ant.Target.setDepends",,9,3,3,,
Public Method,"org.apache.tools.ant.Target.setIf",,3,2,2,,
Public Method,"org.apache.tools.ant.Target.setName",,3,1,1,,
Public Method,"org.apache.tools.ant.Target.setProject",,3,1,1,,
Public Method,"org.apache.tools.ant.Target.setUnless",,3,2,2,,
Public Method,"org.apache.tools.ant.Target.toString",,3,1,1,,
Public Abstract Class,"org.apache.tools.ant.Task",4,49,,15,86,1
Public Method,"org.apache.tools.ant.Task.execute",,0,1,1,,
Public Method,"org.apache.tools.ant.Task.getDescription",,3,1,1,,
Public Method,"org.apache.tools.ant.Task.getLocation",,3,1,1,,
Public Method,"org.apache.tools.ant.Task.getOwningTarget",,3,1,1,,
Public Method,"org.apache.tools.ant.Task.getProject",,3,1,1,,
Public Method,"org.apache.tools.ant.Task.getTaskName",,3,1,1,,
Public Method,"org.apache.tools.ant.Task.init",,1,1,1,,
Public Method,"org.apache.tools.ant.Task.log",,3,1,1,,
Public Method,"org.apache.tools.ant.Task.log",,3,1,1,,
Public Method,"org.apache.tools.ant.Task.setDescription",,3,1,1,,
Public Method,"org.apache.tools.ant.Task.setLocation",,3,1,1,,
Public Method,"org.apache.tools.ant.Task.setOwningTarget",,3,1,1,,
Method,"org.apache.tools.ant.Task.setProject",,3,1,1,,
Public Method,"org.apache.tools.ant.Task.setTaskName",,3,1,1,,
Method,"org.apache.tools.ant.Task.setTaskType",,3,1,1,,
Public Class,"org.apache.tools.ant.TaskAdapter",2,25,,5,0,2
Public Method,"org.apache.tools.ant.TaskAdapter.execute",,16,3,3,,
Public Method,"org.apache.tools.ant.TaskAdapter.getProxy",,3,1,1,,
Public Method,"org.apache.tools.ant.TaskAdapter.setProxy",,3,1,1,,
Public Class,"org.apache.tools.ant.XmlLogger",6,150,,29,81,1
Public Constructor,"org.apache.tools.ant.XmlLogger.XmlLogger",,2,1,1,,
Public Method,"org.apache.tools.ant.XmlLogger.buildFinished",,17,3,3,,
Public Method,"org.apache.tools.ant.XmlLogger.buildStarted",,5,1,1,,
Private Static Method,"org.apache.tools.ant.XmlLogger.formatTime",,10,2,2,,
Private Static Method,"org.apache.tools.ant.XmlLogger.getDocumentBuilder",,8,2,2,,
Public Method,"org.apache.tools.ant.XmlLogger.messageLogged",,22,6,6,,
Public Method,"org.apache.tools.ant.XmlLogger.targetFinished",,6,1,1,,
Public Method,"org.apache.tools.ant.XmlLogger.targetStarted",,5,1,1,,
Public Method,"org.apache.tools.ant.XmlLogger.taskFinished",,6,1,1,,
Public Method,"org.apache.tools.ant.XmlLogger.taskStarted",,11,2,2,,
Private Static Method,"org.apache.tools.ant.XmlLogger.write",,40,9,9,,
Package,"org.apache.tools.ant.taskdefs",,3801,,898,,
Public Class,"org.apache.tools.ant.taskdefs.Ant",6,74,,16,69,2
Public Method,"org.apache.tools.ant.taskdefs.Ant.createProperty",,6,1,1,,
Public Method,"org.apache.tools.ant.taskdefs.Ant.execute",,17,5,5,,
Public Method,"org.apache.tools.ant.taskdefs.Ant.init",,31,6,6,,
Public Method,"org.apache.tools.ant.taskdefs.Ant.setAntfile",,3,1,1,,
Public Method,"org.apache.tools.ant.taskdefs.Ant.setDir",,3,1,1,,
Public Method,"org.apache.tools.ant.taskdefs.Ant.setOutput",,3,1,1,,
Public Method,"org.apache.tools.ant.taskdefs.Ant.setTarget",,3,1,1,,
Public Class,"org.apache.tools.ant.taskdefs.AntStructure",1,35,,5,66,2
Public Method,"org.apache.tools.ant.taskdefs.AntStructure.execute",,25,4,4,,
Public Method,"org.apache.tools.ant.taskdefs.AntStructure.setOutput",,3,1,1,,
Public Class,"org.apache.tools.ant.taskdefs.Available",2,51,,14,75,2
Private Method,"org.apache.tools.ant.taskdefs.Available.checkClass",,9,2,2,,
Private Method,"org.apache.tools.ant.taskdefs.Available.checkFile",,9,2,2,,
Private Method,"org.apache.tools.ant.taskdefs.Available.checkResource",,3,1,1,,
Public Method,"org.apache.tools.ant.taskdefs.Available.init",,6,4,4,,
Public Method,"org.apache.tools.ant.taskdefs.Available.setClass",,6,1,1,,
Public Method,"org.apache.tools.ant.taskdefs.Available.setClassname",,3,1,1,,
Public Method,"org.apache.tools.ant.taskdefs.Available.setFile",,3,1,1,,
Public Method,"org.apache.tools.ant.taskdefs.Available.setProperty",,3,1,1,,
Public Method,"org.apache.tools.ant.taskdefs.Available.setResource",,3,1,1,,
Public Class,"org.apache.tools.ant.taskdefs.Chmod",3,44,,12,66,3
Private Method,"org.apache.tools.ant.taskdefs.Chmod.chmod",,3,1,1,,
Public Method,"org.apache.tools.ant.taskdefs.Chmod.execute",,21,7,7,,
Public Method,"org.apache.tools.ant.taskdefs.Chmod.setDir",,3,1,1,,
Public Method,"org.apache.tools.ant.taskdefs.Chmod.setFile",,3,1,1,,
Public Method,"org.apache.tools.ant.taskdefs.Chmod.setPerm",,3,1,1,,
Public Method,"org.apache.tools.ant.taskdefs.Chmod.setSrc",,6,1,1,,
Public Class,"org.apache.tools.ant.taskdefs.CompileTask",2,24,,5,33,4
Public Method,"org.apache.tools.ant.taskdefs.CompileTask.createTaskdef",,5,1,1,,
Public Method,"org.apache.tools.ant.taskdefs.CompileTask.execute",,2,1,1,,
Public Method,"org.apache.tools.ant.taskdefs.CompileTask.init",,14,3,3,,
Public Class,"org.apache.tools.ant.taskdefs.Copydir",3,48,,9,64,3
Public Method,"org.apache.tools.ant.taskdefs.Copydir.execute",,29,5,5,,
Public Method,"org.apache.tools.ant.taskdefs.Copydir.setDest",,3,1,1,,
Public Method,"org.apache.tools.ant.taskdefs.Copydir.setFiltering",,3,1,1,,
Public Method,"org.apache.tools.ant.taskdefs.Copydir.setForceoverwrite",,3,1,1,,
Public Method,"org.apache.tools.ant.taskdefs.Copydir.setSrc",,3,1,1,,
Public Class,"org.apache.tools.ant.taskdefs.Copyfile",2,25,,6,50,2
Public Method,"org.apache.tools.ant.taskdefs.Copyfile.execute",,11,3,3,,
Public Method,"org.apache.tools.ant.taskdefs.Copyfile.setDest",,3,1,1,,
Public Method,"org.apache.tools.ant.taskdefs.Copyfile.setFiltering",,3,1,1,,
Public Method,"org.apache.tools.ant.taskdefs.Copyfile.setSrc",,3,1,1,,
Public Class,"org.apache.tools.ant.taskdefs.Cvs",1,61,,20,77,3
Public Method,"org.apache.tools.ant.taskdefs.Cvs.execute",,18,7,7,,
Public Method,"org.apache.tools.ant.taskdefs.Cvs.setCommand",,3,1,1,,
Public Method,"org.apache.tools.ant.taskdefs.Cvs.setCvsRoot",,7,3,3,,
Public Method,"org.apache.tools.ant.taskdefs.Cvs.setDate",,5,2,2,,
Public Method,"org.apache.tools.ant.taskdefs.Cvs.setDest",,3,1,1,,
Public Method,"org.apache.tools.ant.taskdefs.Cvs.setNoexec",,3,1,1,,
Public Method,"org.apache.tools.ant.taskdefs.Cvs.setPackage",,3,1,1,,
Public Method,"org.apache.tools.ant.taskdefs.Cvs.setQuiet",,3,1,1,,
Public Method,"org.apache.tools.ant.taskdefs.Cvs.setTag",,7,3,3,,
Public Class,"org.apache.tools.ant.taskdefs.Delete",3,55,,16,50,3
Public Method,"org.apache.tools.ant.taskdefs.Delete.execute",,37,12,12,,
Public Method,"org.apache.tools.ant.taskdefs.Delete.setDir",,3,1,1,,
Public Method,"org.apache.tools.ant.taskdefs.Delete.setFile",,3,1,1,,
Public Method,"org.apache.tools.ant.taskdefs.Delete.setVerbose",,7,2,2,,
Public Class,"org.apache.tools.ant.taskdefs.Deltree",1,40,,11,33,2
Public Method,"org.apache.tools.ant.taskdefs.Deltree.execute",,17,5,5,,
Private Method,"org.apache.tools.ant.taskdefs.Deltree.removeDir",,17,5,5,,
Public Method,"org.apache.tools.ant.taskdefs.Deltree.setDir",,3,1,1,,
Public Class,"org.apache.tools.ant.taskdefs.Echo",1,9,,2,0,2
Public Method,"org.apache.tools.ant.taskdefs.Echo.execute",,3,1,1,,
Public Method,"org.apache.tools.ant.taskdefs.Echo.setMessage",,3,1,1,,
Public Class,"org.apache.tools.ant.taskdefs.Exec",3,133,,23,79,2
Class,"org.apache.tools.ant.taskdefs.Exec.StreamPumper",1,36,,8,40,2
Public Constructor,"org.apache.tools.ant.taskdefs.Exec.StreamPumper.StreamPumper",,5,1,1,,
Public Method,"org.apache.tools.ant.taskdefs.Exec.StreamPumper.pumpStream",,13,3,3,,
Public Method,"org.apache.tools.ant.taskdefs.Exec.StreamPumper.run",,11,4,4,,
Public Method,"org.apache.tools.ant.taskdefs.Exec.execute",,3,1,1,,
Protected Method,"org.apache.tools.ant.taskdefs.Exec.logFlush",,3,2,2,,
Protected Method,"org.apache.tools.ant.taskdefs.Exec.outputLog",,6,2,2,,
Protected Method,"org.apache.tools.ant.taskdefs.Exec.run",,60,13,13,,
Public Method,"org.apache.tools.ant.taskdefs.Exec.setCommand",,3,1,1,,
Public Method,"org.apache.tools.ant.taskdefs.Exec.setDir",,3,1,1,,
Public Method,"org.apache.tools.ant.taskdefs.Exec.setFailonerror",,3,1,1,,
Public Method,"org.apache.tools.ant.taskdefs.Exec.setOs",,3,1,1,,
Public Method,"org.apache.tools.ant.taskdefs.Exec.setOutput",,3,1,1,,
Public Class,"org.apache.tools.ant.taskdefs.Expand",3,61,,12,33,2
Public Method,"org.apache.tools.ant.taskdefs.Expand.execute",,51,10,10,,
Public Method,"org.apache.tools.ant.taskdefs.Expand.setDest",,3,1,1,,
Public Method,"org.apache.tools.ant.taskdefs.Expand.setSrc",,3,1,1,,
Public Class,"org.apache.tools.ant.taskdefs.Filter",1,13,,3,33,2
Public Method,"org.apache.tools.ant.taskdefs.Filter.init",,3,1,1,,
Public Method,"org.apache.tools.ant.taskdefs.Filter.setToken",,3,1,1,,
Public Method,"org.apache.tools.ant.taskdefs.Filter.setValue",,3,1,1,,
Public Class,"org.apache.tools.ant.taskdefs.FixCRLF",5,181,,57,70,3
Public Static Class,"org.apache.tools.ant.taskdefs.FixCRLF.AddAsisRemove",0,5,,1,0,2
Public Method,"org.apache.tools.ant.taskdefs.FixCRLF.AddAsisRemove.getValues",,3,1,1,,
Public Constructor,"org.apache.tools.ant.taskdefs.FixCRLF.FixCRLF",,9,2,2,,
Public Method,"org.apache.tools.ant.taskdefs.FixCRLF.execute",,116,42,42,,
Public Method,"org.apache.tools.ant.taskdefs.FixCRLF.setCr",,10,3,3,,
Public Method,"org.apache.tools.ant.taskdefs.FixCRLF.setDestdir",,3,1,1,,
Public Method,"org.apache.tools.ant.taskdefs.FixCRLF.setEof",,10,3,3,,
Public Method,"org.apache.tools.ant.taskdefs.FixCRLF.setSrcdir",,3,1,1,,
Public Method,"org.apache.tools.ant.taskdefs.FixCRLF.setTab",,10,3,3,,
Public Method,"org.apache.tools.ant.taskdefs.FixCRLF.setTablength",,7,2,2,,
Public Class,"org.apache.tools.ant.taskdefs.GUnzip",1,64,,16,33,2
Public Method,"org.apache.tools.ant.taskdefs.GUnzip.execute",,54,14,14,,
Public Method,"org.apache.tools.ant.taskdefs.GUnzip.setDest",,3,1,1,,
Public Method,"org.apache.tools.ant.taskdefs.GUnzip.setSrc",,3,1,1,,
Public Class,"org.apache.tools.ant.taskdefs.GZip",2,52,,10,60,2
Public Method,"org.apache.tools.ant.taskdefs.GZip.execute",,22,5,5,,
Public Method,"org.apache.tools.ant.taskdefs.GZip.setSrc",,3,1,1,,
Public Method,"org.apache.tools.ant.taskdefs.GZip.setZipfile",,3,1,1,,
Private Method,"org.apache.tools.ant.taskdefs.GZip.zipFile",,10,2,2,,
Private Method,"org.apache.tools.ant.taskdefs.GZip.zipFile",,10,1,1,,
Public Class,"org.apache.tools.ant.taskdefs.Get",1,58,,15,60,2
Public Method,"org.apache.tools.ant.taskdefs.Get.execute",,40,11,11,,
Public Method,"org.apache.tools.ant.taskdefs.Get.setDest",,3,1,1,,
Public Method,"org.apache.tools.ant.taskdefs.Get.setIgnoreErrors",,3,1,1,,
Public Method,"org.apache.tools.ant.taskdefs.Get.setSrc",,3,1,1,,
Public Method,"org.apache.tools.ant.taskdefs.Get.setVerbose",,3,1,1,,
Public Class,"org.apache.tools.ant.taskdefs.Jar",1,38,,9,60,4
Protected Method,"org.apache.tools.ant.taskdefs.Jar.initZipOutputStream",,14,3,3,,
Public Method,"org.apache.tools.ant.taskdefs.Jar.setJarfile",,4,1,1,,
Public Method,"org.apache.tools.ant.taskdefs.Jar.setManifest",,3,1,1,,
Protected Method,"org.apache.tools.ant.taskdefs.Jar.zipDir",,7,2,2,,
Protected Method,"org.apache.tools.ant.taskdefs.Jar.zipFile",,7,2,2,,
Public Class,"org.apache.tools.ant.taskdefs.Java",3,111,,28,80,3
Protected Method,"org.apache.tools.ant.taskdefs.Java.array",,8,2,2,,
Public Method,"org.apache.tools.ant.taskdefs.Java.createClasspath",,6,2,2,,
Public Method,"org.apache.tools.ant.taskdefs.Java.execute",,3,1,1,,
Public Method,"org.apache.tools.ant.taskdefs.Java.executeJava",,33,7,7,,
Protected Method,"org.apache.tools.ant.taskdefs.Java.run",,20,6,6,,
Public Method,"org.apache.tools.ant.taskdefs.Java.setArgs",,3,1,1,,
Public Method,"org.apache.tools.ant.taskdefs.Java.setClass",,6,1,1,,
Public Method,"org.apache.tools.ant.taskdefs.Java.setClassname",,3,1,1,,
Public Method,"org.apache.tools.ant.taskdefs.Java.setClasspath",,7,2,2,,
Public Method,"org.apache.tools.ant.taskdefs.Java.setFork",,3,1,1,,
Public Method,"org.apache.tools.ant.taskdefs.Java.setJvmargs",,3,1,1,,
Protected Method,"org.apache.tools.ant.taskdefs.Java.tokenize",,9,3,3,,
Public Class,"org.apache.tools.ant.taskdefs.Javac",4,148,,36,90,3
Public Method,"org.apache.tools.ant.taskdefs.Javac.createBootclasspath",,6,2,2,,
Public Method,"org.apache.tools.ant.taskdefs.Javac.createClasspath",,6,2,2,,
Public Method,"org.apache.tools.ant.taskdefs.Javac.createExtdirs",,6,2,2,,
Public Method,"org.apache.tools.ant.taskdefs.Javac.createSrc",,6,2,2,,
Public Method,"org.apache.tools.ant.taskdefs.Javac.execute",,62,14,14,,
Public Method,"org.apache.tools.ant.taskdefs.Javac.setBootclasspath",,7,2,2,,
Public Method,"org.apache.tools.ant.taskdefs.Javac.setClasspath",,7,2,2,,
Public Method,"org.apache.tools.ant.taskdefs.Javac.setDebug",,3,1,1,,
Public Method,"org.apache.tools.ant.taskdefs.Javac.setDeprecation",,3,1,1,,
Public Method,"org.apache.tools.ant.taskdefs.Javac.setDestdir",,3,1,1,,
Public Method,"org.apache.tools.ant.taskdefs.Javac.setExtdirs",,7,2,2,,
Public Method,"org.apache.tools.ant.taskdefs.Javac.setFiltering",,3,1,1,,
Public Method,"org.apache.tools.ant.taskdefs.Javac.setOptimize",,3,1,1,,
Public Method,"org.apache.tools.ant.taskdefs.Javac.setSrcdir",,7,2,2,,
Public Method,"org.apache.tools.ant.taskdefs.Javac.setTarget",,3,1,1,,
Class,"org.apache.tools.ant.taskdefs.JavacOutputStream",1,30,,7,41,2
Constructor,"org.apache.tools.ant.taskdefs.JavacOutputStream.JavacOutputStream",,4,1,1,,
Method,"org.apache.tools.ant.taskdefs.JavacOutputStream.getErrorFlag",,3,1,1,,
Private Method,"org.apache.tools.ant.taskdefs.JavacOutputStream.processLine",,8,2,2,,
Public Method,"org.apache.tools.ant.taskdefs.JavacOutputStream.write",,10,3,3,,
Public Class,"org.apache.tools.ant.taskdefs.Javadoc",8,755,,157,96,3
Public Class,"org.apache.tools.ant.taskdefs.Javadoc.DocletInfo",2,35,,9,66,1
Public Method,"org.apache.tools.ant.taskdefs.Javadoc.DocletInfo.createParam",,5,1,1,,
Public Method,"org.apache.tools.ant.taskdefs.Javadoc.DocletInfo.createPath",,6,2,2,,
Public Method,"org.apache.tools.ant.taskdefs.Javadoc.DocletInfo.getName",,3,1,1,,
Public Method,"org.apache.tools.ant.taskdefs.Javadoc.DocletInfo.getParams",,3,1,1,,
Public Method,"org.apache.tools.ant.taskdefs.Javadoc.DocletInfo.getPath",,3,1,1,,
Public Method,"org.apache.tools.ant.taskdefs.Javadoc.DocletInfo.setName",,3,1,1,,
Public Method,"org.apache.tools.ant.taskdefs.Javadoc.DocletInfo.setPath",,7,2,2,,
Public Class,"org.apache.tools.ant.taskdefs.Javadoc.DocletParam",0,16,,4,50,1
Public Method,"org.apache.tools.ant.taskdefs.Javadoc.DocletParam.getName",,3,1,1,,
Public Method,"org.apache.tools.ant.taskdefs.Javadoc.DocletParam.getValue",,3,1,1,,
Public Method,"org.apache.tools.ant.taskdefs.Javadoc.DocletParam.setName",,3,1,1,,
Public Method,"org.apache.tools.ant.taskdefs.Javadoc.DocletParam.setValue",,3,1,1,,
Public Class,"org.apache.tools.ant.taskdefs.Javadoc.GroupArgument",0,18,,5,60,1
Public Constructor,"org.apache.tools.ant.taskdefs.Javadoc.GroupArgument.GroupArgument",,2,1,1,,
Public Method,"org.apache.tools.ant.taskdefs.Javadoc.GroupArgument.getPackages",,3,1,1,,
Public Method,"org.apache.tools.ant.taskdefs.Javadoc.GroupArgument.getTitle",,3,1,1,,
Public Method,"org.apache.tools.ant.taskdefs.Javadoc.GroupArgument.setPackages",,3,1,1,,
Public Method,"org.apache.tools.ant.taskdefs.Javadoc.GroupArgument.setTitle",,3,1,1,,
Class,"org.apache.tools.ant.taskdefs.Javadoc.JavaReader",0,66,,23,0,2
Public Constructor,"org.apache.tools.ant.taskdefs.Javadoc.JavaReader.JavaReader",,3,1,1,,
Public Method,"org.apache.tools.ant.taskdefs.Javadoc.JavaReader.read",,41,15,15,,
Public Method,"org.apache.tools.ant.taskdefs.Javadoc.JavaReader.read",,14,4,4,,
Public Method,"org.apache.tools.ant.taskdefs.Javadoc.JavaReader.skip",,6,3,3,,
Public Class,"org.apache.tools.ant.taskdefs.Javadoc.LinkArgument",1,25,,7,71,1
Public Constructor,"org.apache.tools.ant.taskdefs.Javadoc.LinkArgument.LinkArgument",,2,1,1,,
Public Method,"org.apache.tools.ant.taskdefs.Javadoc.LinkArgument.getHref",,3,1,1,,
Public Method,"org.apache.tools.ant.taskdefs.Javadoc.LinkArgument.getPackagelistLoc",,3,1,1,,
Public Method,"org.apache.tools.ant.taskdefs.Javadoc.LinkArgument.isLinkOffline",,3,1,1,,
Public Method,"org.apache.tools.ant.taskdefs.Javadoc.LinkArgument.setHref",,3,1,1,,
Public Method,"org.apache.tools.ant.taskdefs.Javadoc.LinkArgument.setOffline",,3,1,1,,
Public Method,"org.apache.tools.ant.taskdefs.Javadoc.LinkArgument.setPackagelistLoc",,3,1,1,,
Public Method,"org.apache.tools.ant.taskdefs.Javadoc.createBootclasspath",,6,2,2,,
Public Method,"org.apache.tools.ant.taskdefs.Javadoc.createClasspath",,6,2,2,,
Public Method,"org.apache.tools.ant.taskdefs.Javadoc.createDoclet",,4,1,1,,
Public Method,"org.apache.tools.ant.taskdefs.Javadoc.createGroup",,5,1,1,,
Public Method,"org.apache.tools.ant.taskdefs.Javadoc.createLink",,5,1,1,,
Public Method,"org.apache.tools.ant.taskdefs.Javadoc.createSourcepath",,6,2,2,,
Private Method,"org.apache.tools.ant.taskdefs.Javadoc.evaluatePackages",,24,6,6,,
Public Method,"org.apache.tools.ant.taskdefs.Javadoc.execute",,255,71,71,,
Private Method,"org.apache.tools.ant.taskdefs.Javadoc.getFiles",,24,7,7,,
Private Method,"org.apache.tools.ant.taskdefs.Javadoc.getPackageName",,25,5,5,,
Protected Method,"org.apache.tools.ant.taskdefs.Javadoc.logFlush",,7,2,2,,
Private Method,"org.apache.tools.ant.taskdefs.Javadoc.mapClasses",,12,3,3,,
Private Method,"org.apache.tools.ant.taskdefs.Javadoc.matches",,3,1,1,,
Protected Method,"org.apache.tools.ant.taskdefs.Javadoc.outputLog",,17,5,5,,
Public Method,"org.apache.tools.ant.taskdefs.Javadoc.setAuthor",,3,1,1,,
Public Method,"org.apache.tools.ant.taskdefs.Javadoc.setBootclasspath",,7,2,2,,
Public Method,"org.apache.tools.ant.taskdefs.Javadoc.setBottom",,3,1,1,,
Public Method,"org.apache.tools.ant.taskdefs.Javadoc.setCharset",,3,1,1,,
Public Method,"org.apache.tools.ant.taskdefs.Javadoc.setClasspath",,7,2,2,,
Public Method,"org.apache.tools.ant.taskdefs.Javadoc.setDestdir",,3,1,1,,
Public Method,"org.apache.tools.ant.taskdefs.Javadoc.setDocencoding",,3,1,1,,
Public Method,"org.apache.tools.ant.taskdefs.Javadoc.setDoclet",,6,2,2,,
Public Method,"org.apache.tools.ant.taskdefs.Javadoc.setDocletPath",,6,2,2,,
Public Method,"org.apache.tools.ant.taskdefs.Javadoc.setDoctitle",,3,1,1,,
Public Method,"org.apache.tools.ant.taskdefs.Javadoc.setEncoding",,3,1,1,,
Public Method,"org.apache.tools.ant.taskdefs.Javadoc.setExtdirs",,3,1,1,,
Public Method,"org.apache.tools.ant.taskdefs.Javadoc.setFooter",,3,1,1,,
Public Method,"org.apache.tools.ant.taskdefs.Javadoc.setGroup",,3,1,1,,
Public Method,"org.apache.tools.ant.taskdefs.Javadoc.setHeader",,3,1,1,,
Public Method,"org.apache.tools.ant.taskdefs.Javadoc.setLink",,3,1,1,,
Public Method,"org.apache.tools.ant.taskdefs.Javadoc.setLinkoffline",,3,1,1,,
Public Method,"org.apache.tools.ant.taskdefs.Javadoc.setLocale",,3,1,1,,
Public Method,"org.apache.tools.ant.taskdefs.Javadoc.setMaxmemory",,3,1,1,,
Public Method,"org.apache.tools.ant.taskdefs.Javadoc.setNodeprecated",,3,1,1,,
Public Method,"org.apache.tools.ant.taskdefs.Javadoc.setNodeprecatedlist",,3,1,1,,
Public Method,"org.apache.tools.ant.taskdefs.Javadoc.setNohelp",,3,1,1,,
Public Method,"org.apache.tools.ant.taskdefs.Javadoc.setNoindex",,3,1,1,,
Public Method,"org.apache.tools.ant.taskdefs.Javadoc.setNonavbar",,3,1,1,,
Public Method,"org.apache.tools.ant.taskdefs.Javadoc.setNotree",,3,1,1,,
Public Method,"org.apache.tools.ant.taskdefs.Javadoc.setOld",,3,1,1,,
Public Method,"org.apache.tools.ant.taskdefs.Javadoc.setOverview",,3,1,1,,
Public Method,"org.apache.tools.ant.taskdefs.Javadoc.setPackage",,3,1,1,,
Public Method,"org.apache.tools.ant.taskdefs.Javadoc.setPackageList",,3,1,1,,
Public Method,"org.apache.tools.ant.taskdefs.Javadoc.setPackagenames",,3,1,1,,
Public Method,"org.apache.tools.ant.taskdefs.Javadoc.setPrivate",,3,1,1,,
Public Method,"org.apache.tools.ant.taskdefs.Javadoc.setProtected",,3,1,1,,
Public Method,"org.apache.tools.ant.taskdefs.Javadoc.setPublic",,3,1,1,,
Public Method,"org.apache.tools.ant.taskdefs.Javadoc.setSerialwarn",,3,1,1,,
Public Method,"org.apache.tools.ant.taskdefs.Javadoc.setSourcefiles",,3,1,1,,
Public Method,"org.apache.tools.ant.taskdefs.Javadoc.setSourcepath",,7,2,2,,
Public Method,"org.apache.tools.ant.taskdefs.Javadoc.setSplitindex",,3,1,1,,
Public Method,"org.apache.tools.ant.taskdefs.Javadoc.setStylesheetfile",,3,1,1,,
Public Method,"org.apache.tools.ant.taskdefs.Javadoc.setUse",,3,1,1,,
Public Method,"org.apache.tools.ant.taskdefs.Javadoc.setVerbose",,3,1,1,,
Public Method,"org.apache.tools.ant.taskdefs.Javadoc.setVersion",,3,1,1,,
Public Method,"org.apache.tools.ant.taskdefs.Javadoc.setWindowtitle",,3,1,1,,
Public Method,"org.apache.tools.ant.taskdefs.Javadoc.setadditionalParam",,3,1,1,,
Public Class,"org.apache.tools.ant.taskdefs.Jikes",2,21,,3,0,1
Protected Constructor,"org.apache.tools.ant.taskdefs.Jikes.Jikes",,5,1,1,,
Protected Method,"org.apache.tools.ant.taskdefs.Jikes.compile",,12,2,2,,
Public Class,"org.apache.tools.ant.taskdefs.JikesOutputParser",2,53,,17,76,1
Protected Constructor,"org.apache.tools.ant.taskdefs.JikesOutputParser.JikesOutputParser",,5,1,1,,
Protected Method,"org.apache.tools.ant.taskdefs.JikesOutputParser.getErrorFlag",,3,1,1,,
Private Method,"org.apache.tools.ant.taskdefs.JikesOutputParser.log",,6,4,4,,
Private Method,"org.apache.tools.ant.taskdefs.JikesOutputParser.parseEmacsOutput",,3,1,1,,
Protected Method,"org.apache.tools.ant.taskdefs.JikesOutputParser.parseOutput",,6,2,2,,
Private Method,"org.apache.tools.ant.taskdefs.JikesOutputParser.parseStandardOutput",,18,6,6,,
Private Method,"org.apache.tools.ant.taskdefs.JikesOutputParser.setError",,5,2,2,,
Public Class,"org.apache.tools.ant.taskdefs.KeySubst",1,96,,16,71,2
Public Method,"org.apache.tools.ant.taskdefs.KeySubst.execute",,34,5,5,,
Public Static Method,"org.apache.tools.ant.taskdefs.KeySubst.main",,12,2,2,,
Public Static Method,"org.apache.tools.ant.taskdefs.KeySubst.replace",,22,3,3,,
Public Method,"org.apache.tools.ant.taskdefs.KeySubst.setDest",,3,1,1,,
Public Method,"org.apache.tools.ant.taskdefs.KeySubst.setKeys",,14,3,3,,
Public Method,"org.apache.tools.ant.taskdefs.KeySubst.setSep",,3,1,1,,
Public Method,"org.apache.tools.ant.taskdefs.KeySubst.setSrc",,3,1,1,,
Public Abstract Class,"org.apache.tools.ant.taskdefs.MatchingTask",3,140,,35,80,2
Public Class,"org.apache.tools.ant.taskdefs.MatchingTask.NameEntry",1,12,,7,37,1
Public Method,"org.apache.tools.ant.taskdefs.MatchingTask.NameEntry.getName",,1,2,2,,
Public Method,"org.apache.tools.ant.taskdefs.MatchingTask.NameEntry.setIf",,3,2,2,,
Public Method,"org.apache.tools.ant.taskdefs.MatchingTask.NameEntry.setName",,1,1,1,,
Public Method,"org.apache.tools.ant.taskdefs.MatchingTask.NameEntry.setUnless",,3,2,2,,
Private Method,"org.apache.tools.ant.taskdefs.MatchingTask.addPatternToList",,5,1,1,,
Public Method,"org.apache.tools.ant.taskdefs.MatchingTask.createExclude",,3,1,1,,
Public Method,"org.apache.tools.ant.taskdefs.MatchingTask.createInclude",,3,1,1,,
Protected Method,"org.apache.tools.ant.taskdefs.MatchingTask.getDirectoryScanner",,9,2,2,,
Protected Method,"org.apache.tools.ant.taskdefs.MatchingTask.getProperty",,3,1,1,,
Private Method,"org.apache.tools.ant.taskdefs.MatchingTask.makeArray",,20,7,7,,
Private Method,"org.apache.tools.ant.taskdefs.MatchingTask.readPatterns",,16,4,4,,
Public Method,"org.apache.tools.ant.taskdefs.MatchingTask.setDefaultexcludes",,3,1,1,,
Public Method,"org.apache.tools.ant.taskdefs.MatchingTask.setExcludes",,5,2,2,,
Public Method,"org.apache.tools.ant.taskdefs.MatchingTask.setExcludesfile",,11,3,3,,
Public Method,"org.apache.tools.ant.taskdefs.MatchingTask.setIgnore",,12,3,3,,
Public Method,"org.apache.tools.ant.taskdefs.MatchingTask.setIncludes",,5,2,2,,
Public Method,"org.apache.tools.ant.taskdefs.MatchingTask.setIncludesfile",,11,3,3,,
Public Method,"org.apache.tools.ant.taskdefs.MatchingTask.setItems",,17,4,4,,
Public Class,"org.apache.tools.ant.taskdefs.Mkdir",1,18,,4,0,2
Public Method,"org.apache.tools.ant.taskdefs.Mkdir.execute",,12,3,3,,
Public Method,"org.apache.tools.ant.taskdefs.Mkdir.setDir",,3,1,1,,
Public Class,"org.apache.tools.ant.taskdefs.Patch",1,67,,18,77,3
Public Method,"org.apache.tools.ant.taskdefs.Patch.execute",,30,9,9,,
Public Method,"org.apache.tools.ant.taskdefs.Patch.setBackups",,3,1,1,,
Public Method,"org.apache.tools.ant.taskdefs.Patch.setCommand",,4,1,1,,
Public Method,"org.apache.tools.ant.taskdefs.Patch.setIgnorewhitespace",,3,1,1,,
Public Method,"org.apache.tools.ant.taskdefs.Patch.setOriginalfile",,3,1,1,,
Public Method,"org.apache.tools.ant.taskdefs.Patch.setPatchfile",,3,1,1,,
Public Method,"org.apache.tools.ant.taskdefs.Patch.setQuiet",,3,1,1,,
Public Method,"org.apache.tools.ant.taskdefs.Patch.setReverse",,3,1,1,,
Public Method,"org.apache.tools.ant.taskdefs.Patch.setStrip",,6,2,2,,
Public Class,"org.apache.tools.ant.taskdefs.Property",3,146,,36,81,2
Private Method,"org.apache.tools.ant.taskdefs.Property.addProperties",,10,2,2,,
Private Method,"org.apache.tools.ant.taskdefs.Property.addProperty",,15,4,4,,
Private Method,"org.apache.tools.ant.taskdefs.Property.extractProperties",,18,4,4,,
Public Method,"org.apache.tools.ant.taskdefs.Property.getName",,3,1,1,,
Public Method,"org.apache.tools.ant.taskdefs.Property.getValue",,3,1,1,,
Public Method,"org.apache.tools.ant.taskdefs.Property.init",,11,5,5,,
Private Method,"org.apache.tools.ant.taskdefs.Property.loadFile",,14,3,3,,
Private Method,"org.apache.tools.ant.taskdefs.Property.loadResource",,13,3,3,,
Private Method,"org.apache.tools.ant.taskdefs.Property.resolveAllProperties",,37,8,8,,
Public Method,"org.apache.tools.ant.taskdefs.Property.setFile",,3,1,1,,
Public Method,"org.apache.tools.ant.taskdefs.Property.setName",,3,1,1,,
Public Method,"org.apache.tools.ant.taskdefs.Property.setResource",,3,1,1,,
Public Method,"org.apache.tools.ant.taskdefs.Property.setUserProperty",,3,1,1,,
Public Method,"org.apache.tools.ant.taskdefs.Property.setValue",,3,1,1,,
Public Class,"org.apache.tools.ant.taskdefs.Rename",1,26,,7,50,2
Public Method,"org.apache.tools.ant.taskdefs.Rename.execute",,12,4,4,,
Public Method,"org.apache.tools.ant.taskdefs.Rename.setDest",,3,1,1,,
Public Method,"org.apache.tools.ant.taskdefs.Rename.setReplace",,3,1,1,,
Public Method,"org.apache.tools.ant.taskdefs.Rename.setSrc",,3,1,1,,
Public Class,"org.apache.tools.ant.taskdefs.Replace",2,73,,18,64,3
Public Method,"org.apache.tools.ant.taskdefs.Replace.execute",,20,6,6,,
Private Method,"org.apache.tools.ant.taskdefs.Replace.processFile",,25,6,6,,
Private Method,"org.apache.tools.ant.taskdefs.Replace.replace",,11,2,2,,
Public Method,"org.apache.tools.ant.taskdefs.Replace.setDir",,3,1,1,,
Public Method,"org.apache.tools.ant.taskdefs.Replace.setFile",,3,1,1,,
Public Method,"org.apache.tools.ant.taskdefs.Replace.setToken",,3,1,1,,
Public Method,"org.apache.tools.ant.taskdefs.Replace.setValue",,3,1,1,,
Public Class,"org.apache.tools.ant.taskdefs.Rmic",4,239,,62,85,3
Private Method,"org.apache.tools.ant.taskdefs.Rmic.addExistingToClasspath",,12,3,3,,
Public Method,"org.apache.tools.ant.taskdefs.Rmic.createClasspath",,6,2,2,,
Public Method,"org.apache.tools.ant.taskdefs.Rmic.execute",,66,20,20,,
Private Method,"org.apache.tools.ant.taskdefs.Rmic.getCompileClasspath",,14,4,4,,
Private Method,"org.apache.tools.ant.taskdefs.Rmic.isValidRmiRemote",,18,6,6,,
Private Method,"org.apache.tools.ant.taskdefs.Rmic.moveGeneratedFile",,27,4,4,,
Protected Method,"org.apache.tools.ant.taskdefs.Rmic.scanDir",,34,9,9,,
Public Method,"org.apache.tools.ant.taskdefs.Rmic.setBase",,3,1,1,,
Public Method,"org.apache.tools.ant.taskdefs.Rmic.setClass",,6,1,1,,
Public Method,"org.apache.tools.ant.taskdefs.Rmic.setClassname",,3,1,1,,
Public Method,"org.apache.tools.ant.taskdefs.Rmic.setClasspath",,7,2,2,,
Public Method,"org.apache.tools.ant.taskdefs.Rmic.setFiltering",,3,1,1,,
Public Method,"org.apache.tools.ant.taskdefs.Rmic.setSourceBase",,3,1,1,,
Public Method,"org.apache.tools.ant.taskdefs.Rmic.setStubVersion",,3,1,1,,
Public Method,"org.apache.tools.ant.taskdefs.Rmic.setVerify",,3,1,1,,
Private Method,"org.apache.tools.ant.taskdefs.Rmic.shouldCompile",,21,5,5,,
Public Class,"org.apache.tools.ant.taskdefs.SignJar",3,113,,25,83,2
Public Method,"org.apache.tools.ant.taskdefs.SignJar.execute",,67,14,14,,
Public Method,"org.apache.tools.ant.taskdefs.SignJar.setAlias",,3,1,1,,
Public Method,"org.apache.tools.ant.taskdefs.SignJar.setInternalsf",,3,1,1,,
Public Method,"org.apache.tools.ant.taskdefs.SignJar.setJar",,3,1,1,,
Public Method,"org.apache.tools.ant.taskdefs.SignJar.setKeypass",,3,1,1,,
Public Method,"org.apache.tools.ant.taskdefs.SignJar.setKeystore",,3,1,1,,
Public Method,"org.apache.tools.ant.taskdefs.SignJar.setSectionsonly",,3,1,1,,
Public Method,"org.apache.tools.ant.taskdefs.SignJar.setSigfile",,3,1,1,,
Public Method,"org.apache.tools.ant.taskdefs.SignJar.setSignedjar",,3,1,1,,
Public Method,"org.apache.tools.ant.taskdefs.SignJar.setStorepass",,3,1,1,,
Public Method,"org.apache.tools.ant.taskdefs.SignJar.setStoretype",,3,1,1,,
Public Method,"org.apache.tools.ant.taskdefs.SignJar.setVerbose",,3,1,1,,
Public Class,"org.apache.tools.ant.taskdefs.Tar",4,62,,11,50,3
Public Method,"org.apache.tools.ant.taskdefs.Tar.execute",,32,7,7,,
Public Method,"org.apache.tools.ant.taskdefs.Tar.setBasedir",,3,1,1,,
Public Method,"org.apache.tools.ant.taskdefs.Tar.setTarfile",,3,1,1,,
Protected Method,"org.apache.tools.ant.taskdefs.Tar.tarFile",,20,2,2,,
Public Class,"org.apache.tools.ant.taskdefs.TaskOutputStream",1,25,,5,22,2
Constructor,"org.apache.tools.ant.taskdefs.TaskOutputStream.TaskOutputStream",,5,1,1,,
Private Method,"org.apache.tools.ant.taskdefs.TaskOutputStream.processLine",,5,1,1,,
Public Method,"org.apache.tools.ant.taskdefs.TaskOutputStream.write",,10,3,3,,
Public Class,"org.apache.tools.ant.taskdefs.Taskdef",2,38,,8,40,2
Public Method,"org.apache.tools.ant.taskdefs.Taskdef.getClassname",,3,1,1,,
Public Method,"org.apache.tools.ant.taskdefs.Taskdef.init",,19,4,4,,
Public Method,"org.apache.tools.ant.taskdefs.Taskdef.setClass",,6,1,1,,
Public Method,"org.apache.tools.ant.taskdefs.Taskdef.setClassname",,3,1,1,,
Public Method,"org.apache.tools.ant.taskdefs.Taskdef.setName",,3,1,1,,
Public Class,"org.apache.tools.ant.taskdefs.Touch",2,87,,18,60,2
Public Method,"org.apache.tools.ant.taskdefs.Touch.execute",,23,5,5,,
Public Method,"org.apache.tools.ant.taskdefs.Touch.setDatetime",,3,1,1,,
Public Method,"org.apache.tools.ant.taskdefs.Touch.setFile",,3,1,1,,
Public Method,"org.apache.tools.ant.taskdefs.Touch.setMillis",,3,1,1,,
Method,"org.apache.tools.ant.taskdefs.Touch.touch",,48,10,10,,
Public Class,"org.apache.tools.ant.taskdefs.Tstamp",1,15,,2,0,2
Public Method,"org.apache.tools.ant.taskdefs.Tstamp.init",,13,2,2,,
Public Class,"org.apache.tools.ant.taskdefs.Untar",5,69,,14,33,2
Public Method,"org.apache.tools.ant.taskdefs.Untar.execute",,59,12,12,,
Public Method,"org.apache.tools.ant.taskdefs.Untar.setDest",,3,1,1,,
Public Method,"org.apache.tools.ant.taskdefs.Untar.setSrc",,3,1,1,,
Public Interface,"org.apache.tools.ant.taskdefs.XSLTLiaison",0,4,,0,0,0
Public Abstract Method,"org.apache.tools.ant.taskdefs.XSLTLiaison.setStylesheet",,1,0,0,,
Public Abstract Method,"org.apache.tools.ant.taskdefs.XSLTLiaison.transform",,1,0,0,,
Public Class,"org.apache.tools.ant.taskdefs.XSLTProcess",4,95,,22,72,3
Public Constructor,"org.apache.tools.ant.taskdefs.XSLTProcess.XSLTProcess",,2,1,1,,
Public Method,"org.apache.tools.ant.taskdefs.XSLTProcess.execute",,45,11,11,,
Private Method,"org.apache.tools.ant.taskdefs.XSLTProcess.process",,20,3,3,,
Public Method,"org.apache.tools.ant.taskdefs.XSLTProcess.setBasedir",,3,1,1,,
Public Method,"org.apache.tools.ant.taskdefs.XSLTProcess.setDestdir",,3,1,1,,
Public Method,"org.apache.tools.ant.taskdefs.XSLTProcess.setExtension",,3,1,1,,
Public Method,"org.apache.tools.ant.taskdefs.XSLTProcess.setProcessor",,9,3,3,,
Public Method,"org.apache.tools.ant.taskdefs.XSLTProcess.setStyle",,3,1,1,,
Public Class,"org.apache.tools.ant.taskdefs.Zip",3,123,,24,75,3
Public Method,"org.apache.tools.ant.taskdefs.Zip.execute",,48,12,12,,
Protected Method,"org.apache.tools.ant.taskdefs.Zip.initZipOutputStream",,4,1,1,,
Public Method,"org.apache.tools.ant.taskdefs.Zip.setBasedir",,3,1,1,,
Public Method,"org.apache.tools.ant.taskdefs.Zip.setCompress",,3,1,1,,
Public Method,"org.apache.tools.ant.taskdefs.Zip.setZipfile",,3,1,1,,
Protected Method,"org.apache.tools.ant.taskdefs.Zip.zipDir",,4,1,1,,
Protected Method,"org.apache.tools.ant.taskdefs.Zip.zipFile",,10,1,1,,
Protected Method,"org.apache.tools.ant.taskdefs.Zip.zipFile",,42,6,6,,
Package,"org.apache.tools.ant.taskdefs.optional",,350,,76,,
Public Class,"org.apache.tools.ant.taskdefs.optional.NetRexxC",3,180,,43,96,3
Private Method,"org.apache.tools.ant.taskdefs.optional.NetRexxC.copyFilesToDestination",,16,3,3,,
Public Method,"org.apache.tools.ant.taskdefs.optional.NetRexxC.execute",,13,3,3,,
Private Method,"org.apache.tools.ant.taskdefs.optional.NetRexxC.scanDir",,18,5,5,,
Public Method,"org.apache.tools.ant.taskdefs.optional.NetRexxC.setBinary",,3,1,1,,
Public Method,"org.apache.tools.ant.taskdefs.optional.NetRexxC.setClasspath",,3,1,1,,
Public Method,"org.apache.tools.ant.taskdefs.optional.NetRexxC.setComments",,3,1,1,,
Public Method,"org.apache.tools.ant.taskdefs.optional.NetRexxC.setCompact",,3,1,1,,
Public Method,"org.apache.tools.ant.taskdefs.optional.NetRexxC.setCompile",,4,2,2,,
Public Method,"org.apache.tools.ant.taskdefs.optional.NetRexxC.setConsole",,3,1,1,,
Public Method,"org.apache.tools.ant.taskdefs.optional.NetRexxC.setCrossref",,3,1,1,,
Public Method,"org.apache.tools.ant.taskdefs.optional.NetRexxC.setDecimal",,3,1,1,,
Public Method,"org.apache.tools.ant.taskdefs.optional.NetRexxC.setDestDir",,3,1,1,,
Public Method,"org.apache.tools.ant.taskdefs.optional.NetRexxC.setDiag",,3,1,1,,
Public Method,"org.apache.tools.ant.taskdefs.optional.NetRexxC.setExplicit",,3,1,1,,
Public Method,"org.apache.tools.ant.taskdefs.optional.NetRexxC.setFormat",,3,1,1,,
Public Method,"org.apache.tools.ant.taskdefs.optional.NetRexxC.setJava",,3,1,1,,
Public Method,"org.apache.tools.ant.taskdefs.optional.NetRexxC.setKeep",,3,1,1,,
Public Method,"org.apache.tools.ant.taskdefs.optional.NetRexxC.setLogo",,3,1,1,,
Public Method,"org.apache.tools.ant.taskdefs.optional.NetRexxC.setReplace",,3,1,1,,
Public Method,"org.apache.tools.ant.taskdefs.optional.NetRexxC.setSavelog",,3,1,1,,
Public Method,"org.apache.tools.ant.taskdefs.optional.NetRexxC.setSourcedir",,3,1,1,,
Public Method,"org.apache.tools.ant.taskdefs.optional.NetRexxC.setSrcDir",,3,1,1,,
Public Method,"org.apache.tools.ant.taskdefs.optional.NetRexxC.setStrictargs",,3,1,1,,
Public Method,"org.apache.tools.ant.taskdefs.optional.NetRexxC.setStrictassign",,3,1,1,,
Public Method,"org.apache.tools.ant.taskdefs.optional.NetRexxC.setStrictcase",,3,1,1,,
Public Method,"org.apache.tools.ant.taskdefs.optional.NetRexxC.setStrictimport",,3,1,1,,
Public Method,"org.apache.tools.ant.taskdefs.optional.NetRexxC.setStrictprops",,3,1,1,,
Public Method,"org.apache.tools.ant.taskdefs.optional.NetRexxC.setStrictsignal",,3,1,1,,
Public Method,"org.apache.tools.ant.taskdefs.optional.NetRexxC.setSymbols",,3,1,1,,
Public Method,"org.apache.tools.ant.taskdefs.optional.NetRexxC.setTime",,3,1,1,,
Public Method,"org.apache.tools.ant.taskdefs.optional.NetRexxC.setTrace",,10,2,2,,
Public Method,"org.apache.tools.ant.taskdefs.optional.NetRexxC.setUtf8",,3,1,1,,
Public Method,"org.apache.tools.ant.taskdefs.optional.NetRexxC.setVerbose",,3,1,1,,
Public Class,"org.apache.tools.ant.taskdefs.optional.RenameExtensions",3,56,,14,60,3
Public Constructor,"org.apache.tools.ant.taskdefs.optional.RenameExtensions.RenameExtensions",,3,1,1,,
Public Method,"org.apache.tools.ant.taskdefs.optional.RenameExtensions.execute",,17,5,5,,
Private Method,"org.apache.tools.ant.taskdefs.optional.RenameExtensions.scanDir",,18,4,4,,
Public Method,"org.apache.tools.ant.taskdefs.optional.RenameExtensions.setFromExtension",,3,1,1,,
Public Method,"org.apache.tools.ant.taskdefs.optional.RenameExtensions.setReplace",,3,1,1,,
Public Method,"org.apache.tools.ant.taskdefs.optional.RenameExtensions.setSrcDir",,3,1,1,,
Public Method,"org.apache.tools.ant.taskdefs.optional.RenameExtensions.setToExtension",,3,1,1,,
Public Class,"org.apache.tools.ant.taskdefs.optional.Script",1,56,,13,53,2
Private Method,"org.apache.tools.ant.taskdefs.optional.Script.addBeans",,10,4,4,,
Public Method,"org.apache.tools.ant.taskdefs.optional.Script.addText",,3,1,1,,
Public Method,"org.apache.tools.ant.taskdefs.optional.Script.execute",,20,4,4,,
Public Method,"org.apache.tools.ant.taskdefs.optional.Script.setLanguage",,3,1,1,,
Public Method,"org.apache.tools.ant.taskdefs.optional.Script.setSrc",,15,3,3,,
Public Class,"org.apache.tools.ant.taskdefs.optional.XalanLiaison",0,14,,3,33,1
Public Constructor,"org.apache.tools.ant.taskdefs.optional.XalanLiaison.XalanLiaison",,3,1,1,,
Public Method,"org.apache.tools.ant.taskdefs.optional.XalanLiaison.setStylesheet",,2,1,1,,
Public Method,"org.apache.tools.ant.taskdefs.optional.XalanLiaison.transform",,4,1,1,,
Public Class,"org.apache.tools.ant.taskdefs.optional.XslpLiaison",0,14,,3,33,1
Public Constructor,"org.apache.tools.ant.taskdefs.optional.XslpLiaison.XslpLiaison",,3,1,1,,
Public Method,"org.apache.tools.ant.taskdefs.optional.XslpLiaison.setStylesheet",,3,1,1,,
Public Method,"org.apache.tools.ant.taskdefs.optional.XslpLiaison.transform",,3,1,1,,
Package,"org.apache.tools.ant.taskdefs.optional.ejb",,685,,108,,
Public Class,"org.apache.tools.ant.taskdefs.optional.ejb.DDCreator",4,40,,8,50,3
Public Method,"org.apache.tools.ant.taskdefs.optional.ejb.DDCreator.execute",,26,5,5,,
Public Method,"org.apache.tools.ant.taskdefs.optional.ejb.DDCreator.setClasspath",,3,1,1,,
Public Method,"org.apache.tools.ant.taskdefs.optional.ejb.DDCreator.setDescriptors",,3,1,1,,
Public Method,"org.apache.tools.ant.taskdefs.optional.ejb.DDCreator.setDest",,3,1,1,,
Public Class,"org.apache.tools.ant.taskdefs.optional.ejb.DDCreatorHelper",0,48,,8,33,1
Private Constructor,"org.apache.tools.ant.taskdefs.optional.ejb.DDCreatorHelper.DDCreatorHelper",,9,2,2,,
Public Static Method,"org.apache.tools.ant.taskdefs.optional.ejb.DDCreatorHelper.main",,4,1,1,,
Private Method,"org.apache.tools.ant.taskdefs.optional.ejb.DDCreatorHelper.process",,30,5,5,,
Public Class,"org.apache.tools.ant.taskdefs.optional.ejb.EjbJar",5,262,,33,85,3
Protected Class,"org.apache.tools.ant.taskdefs.optional.ejb.EjbJar.DescriptorHandler",1,38,,8,63,2
Public Method,"org.apache.tools.ant.taskdefs.optional.ejb.EjbJar.DescriptorHandler.characters",,16,3,3,,
Public Method,"org.apache.tools.ant.taskdefs.optional.ejb.EjbJar.DescriptorHandler.endElement",,3,1,1,,
Public Method,"org.apache.tools.ant.taskdefs.optional.ejb.EjbJar.DescriptorHandler.getFiles",,3,2,2,,
Public Method,"org.apache.tools.ant.taskdefs.optional.ejb.EjbJar.DescriptorHandler.startDocument",,4,1,1,,
Public Method,"org.apache.tools.ant.taskdefs.optional.ejb.EjbJar.DescriptorHandler.startElement",,4,1,1,,
Protected Method,"org.apache.tools.ant.taskdefs.optional.ejb.EjbJar.addFileToJar",,22,3,3,,
Public Method,"org.apache.tools.ant.taskdefs.optional.ejb.EjbJar.buildWeblogicJar",,17,2,2,,
Public Method,"org.apache.tools.ant.taskdefs.optional.ejb.EjbJar.execute",,120,16,16,,
Public Method,"org.apache.tools.ant.taskdefs.optional.ejb.EjbJar.setBasenameterminator",,3,2,2,,
Public Method,"org.apache.tools.ant.taskdefs.optional.ejb.EjbJar.setDestdir",,3,1,1,,
Public Method,"org.apache.tools.ant.taskdefs.optional.ejb.EjbJar.setGenerateweblogic",,3,1,1,,
Public Method,"org.apache.tools.ant.taskdefs.optional.ejb.EjbJar.setGenericjarsuffix",,3,1,1,,
Public Method,"org.apache.tools.ant.taskdefs.optional.ejb.EjbJar.setKeepgeneric",,3,1,1,,
Public Method,"org.apache.tools.ant.taskdefs.optional.ejb.EjbJar.setSrcdir",,3,1,1,,
Public Method,"org.apache.tools.ant.taskdefs.optional.ejb.EjbJar.setWeblogicjarsuffix",,3,1,1,,
Public Method,"org.apache.tools.ant.taskdefs.optional.ejb.EjbJar.writeJar",,31,4,4,,
Public Class,"org.apache.tools.ant.taskdefs.optional.ejb.Ejbc",4,57,,11,66,3
Public Method,"org.apache.tools.ant.taskdefs.optional.ejb.Ejbc.execute",,35,6,6,,
Public Method,"org.apache.tools.ant.taskdefs.optional.ejb.Ejbc.setClasspath",,3,1,1,,
Public Method,"org.apache.tools.ant.taskdefs.optional.ejb.Ejbc.setDescriptors",,3,1,1,,
Public Method,"org.apache.tools.ant.taskdefs.optional.ejb.Ejbc.setDest",,3,1,1,,
Public Method,"org.apache.tools.ant.taskdefs.optional.ejb.Ejbc.setManifest",,3,1,1,,
Public Method,"org.apache.tools.ant.taskdefs.optional.ejb.Ejbc.setSrc",,3,1,1,,
Public Class,"org.apache.tools.ant.taskdefs.optional.ejb.EjbcHelper",0,116,,18,63,1
Private Constructor,"org.apache.tools.ant.taskdefs.optional.ejb.EjbcHelper.EjbcHelper",,11,2,2,,
Private Method,"org.apache.tools.ant.taskdefs.optional.ejb.EjbcHelper.isRegenRequired",,58,10,10,,
Public Static Method,"org.apache.tools.ant.taskdefs.optional.ejb.EjbcHelper.main",,4,1,1,,
Private Method,"org.apache.tools.ant.taskdefs.optional.ejb.EjbcHelper.process",,20,3,3,,
Private Method,"org.apache.tools.ant.taskdefs.optional.ejb.EjbcHelper.regenerateSupportClasses",,15,2,2,,
Public Class,"org.apache.tools.ant.taskdefs.optional.ejb.WLRun",3,69,,14,73,2
Public Method,"org.apache.tools.ant.taskdefs.optional.ejb.WLRun.execute",,42,8,8,,
Public Method,"org.apache.tools.ant.taskdefs.optional.ejb.WLRun.setClasspath",,3,1,1,,
Public Method,"org.apache.tools.ant.taskdefs.optional.ejb.WLRun.setHome",,3,1,1,,
Public Method,"org.apache.tools.ant.taskdefs.optional.ejb.WLRun.setName",,3,1,1,,
Public Method,"org.apache.tools.ant.taskdefs.optional.ejb.WLRun.setPolicy",,3,1,1,,
Public Method,"org.apache.tools.ant.taskdefs.optional.ejb.WLRun.setProperties",,3,1,1,,
Public Method,"org.apache.tools.ant.taskdefs.optional.ejb.WLRun.setWlclasspath",,3,1,1,,
Public Class,"org.apache.tools.ant.taskdefs.optional.ejb.WLStop",3,38,,8,66,2
Public Method,"org.apache.tools.ant.taskdefs.optional.ejb.WLStop.execute",,16,3,3,,
Public Method,"org.apache.tools.ant.taskdefs.optional.ejb.WLStop.setClasspath",,3,1,1,,
Public Method,"org.apache.tools.ant.taskdefs.optional.ejb.WLStop.setDelay",,3,1,1,,
Public Method,"org.apache.tools.ant.taskdefs.optional.ejb.WLStop.setPassword",,3,1,1,,
Public Method,"org.apache.tools.ant.taskdefs.optional.ejb.WLStop.setUrl",,3,1,1,,
Public Method,"org.apache.tools.ant.taskdefs.optional.ejb.WLStop.setUser",,3,1,1,,
Package,"org.apache.tools.ant.taskdefs.optional.vss",,161,,33,,
Public Abstract Class,"org.apache.tools.ant.taskdefs.optional.vss.MSVSS",0,52,,9,92,3
Public Method,"org.apache.tools.ant.taskdefs.optional.vss.MSVSS.getLoginCommand",,7,2,2,,
Public Method,"org.apache.tools.ant.taskdefs.optional.vss.MSVSS.getSSCommand",,8,2,2,,
Public Method,"org.apache.tools.ant.taskdefs.optional.vss.MSVSS.getVsspath",,3,1,1,,
Public Method,"org.apache.tools.ant.taskdefs.optional.vss.MSVSS.setLogin",,3,1,1,,
Public Method,"org.apache.tools.ant.taskdefs.optional.vss.MSVSS.setSsdir",,3,1,1,,
Public Method,"org.apache.tools.ant.taskdefs.optional.vss.MSVSS.setVsspath",,7,2,2,,
Public Class,"org.apache.tools.ant.taskdefs.optional.vss.MSVSSGET",2,102,,24,81,4
Public Method,"org.apache.tools.ant.taskdefs.optional.vss.MSVSSGET.execute",,21,3,3,,
Public Method,"org.apache.tools.ant.taskdefs.optional.vss.MSVSSGET.getLocalpathCommand",,17,4,4,,
Public Method,"org.apache.tools.ant.taskdefs.optional.vss.MSVSSGET.getRecursiveCommand",,7,2,2,,
Public Method,"org.apache.tools.ant.taskdefs.optional.vss.MSVSSGET.getVersionCommand",,12,4,4,,
Public Method,"org.apache.tools.ant.taskdefs.optional.vss.MSVSSGET.getWritableCommand",,7,2,2,,
Public Method,"org.apache.tools.ant.taskdefs.optional.vss.MSVSSGET.setDate",,7,2,2,,
Public Method,"org.apache.tools.ant.taskdefs.optional.vss.MSVSSGET.setLabel",,7,2,2,,
Public Method,"org.apache.tools.ant.taskdefs.optional.vss.MSVSSGET.setLocalpath",,3,1,1,,
Public Method,"org.apache.tools.ant.taskdefs.optional.vss.MSVSSGET.setRecursive",,3,1,1,,
Public Method,"org.apache.tools.ant.taskdefs.optional.vss.MSVSSGET.setVersion",,7,2,2,,
Public Method,"org.apache.tools.ant.taskdefs.optional.vss.MSVSSGET.setWritable",,3,1,1,,
Package,"org.apache.tools.tar",,895,,187,,
Public Class,"org.apache.tools.tar.TarBuffer",0,221,,56,71,1
Public Constructor,"org.apache.tools.tar.TarBuffer.TarBuffer",,3,1,1,,
Public Constructor,"org.apache.tools.tar.TarBuffer.TarBuffer",,3,1,1,,
Public Constructor,"org.apache.tools.tar.TarBuffer.TarBuffer",,5,1,1,,
Public Constructor,"org.apache.tools.tar.TarBuffer.TarBuffer",,3,1,1,,
Public Constructor,"org.apache.tools.tar.TarBuffer.TarBuffer",,3,1,1,,
Public Constructor,"org.apache.tools.tar.TarBuffer.TarBuffer",,5,1,1,,
Public Method,"org.apache.tools.tar.TarBuffer.close",,18,6,6,,
Private Method,"org.apache.tools.tar.TarBuffer.flushBlock",,11,4,4,,
Public Method,"org.apache.tools.tar.TarBuffer.getBlockSize",,3,1,1,,
Public Method,"org.apache.tools.tar.TarBuffer.getCurrentBlockNum",,3,1,1,,
Public Method,"org.apache.tools.tar.TarBuffer.getCurrentRecordNum",,3,1,1,,
Public Method,"org.apache.tools.tar.TarBuffer.getRecordSize",,3,1,1,,
Private Method,"org.apache.tools.tar.TarBuffer.initialize",,14,2,2,,
Public Method,"org.apache.tools.tar.TarBuffer.isEOFRecord",,8,3,3,,
Private Method,"org.apache.tools.tar.TarBuffer.readBlock",,29,7,7,,
Public Method,"org.apache.tools.tar.TarBuffer.readRecord",,20,5,5,,
Public Method,"org.apache.tools.tar.TarBuffer.setDebug",,3,1,1,,
Public Method,"org.apache.tools.tar.TarBuffer.skipRecord",,15,5,5,,
Private Method,"org.apache.tools.tar.TarBuffer.writeBlock",,12,3,3,,
Public Method,"org.apache.tools.tar.TarBuffer.writeRecord",,22,5,5,,
Public Method,"org.apache.tools.tar.TarBuffer.writeRecord",,22,5,5,,
Public Interface,"org.apache.tools.tar.TarConstants",0,24,,0,0,0
Public Class,"org.apache.tools.tar.TarEntry",1,241,,46,81,1
Public Constructor,"org.apache.tools.tar.TarEntry.TarEntry",,20,3,3,,
Private Constructor,"org.apache.tools.tar.TarEntry.TarEntry",,14,2,2,,
Public Constructor,"org.apache.tools.tar.TarEntry.TarEntry",,47,9,9,,
Public Constructor,"org.apache.tools.tar.TarEntry.TarEntry",,4,1,1,,
Public Method,"org.apache.tools.tar.TarEntry.equals",,3,1,1,,
Public Method,"org.apache.tools.tar.TarEntry.getDirectoryEntries",,11,3,3,,
Public Method,"org.apache.tools.tar.TarEntry.getFile",,3,1,1,,
Public Method,"org.apache.tools.tar.TarEntry.getGroupId",,3,1,1,,
Public Method,"org.apache.tools.tar.TarEntry.getGroupName",,3,1,1,,
Public Method,"org.apache.tools.tar.TarEntry.getModTime",,3,1,1,,
Public Method,"org.apache.tools.tar.TarEntry.getName",,3,1,1,,
Public Method,"org.apache.tools.tar.TarEntry.getSize",,3,1,1,,
Public Method,"org.apache.tools.tar.TarEntry.getUserId",,3,1,1,,
Public Method,"org.apache.tools.tar.TarEntry.getUserName",,3,1,1,,
Public Method,"org.apache.tools.tar.TarEntry.isDescendent",,3,1,1,,
Public Method,"org.apache.tools.tar.TarEntry.isDirectory",,12,4,4,,
Public Method,"org.apache.tools.tar.TarEntry.parseTarHeader",,29,1,1,,
Public Method,"org.apache.tools.tar.TarEntry.setGroupId",,3,1,1,,
Public Method,"org.apache.tools.tar.TarEntry.setGroupName",,3,1,1,,
Public Method,"org.apache.tools.tar.TarEntry.setIds",,4,1,1,,
Public Method,"org.apache.tools.tar.TarEntry.setModTime",,3,1,1,,
Public Method,"org.apache.tools.tar.TarEntry.setModTime",,3,1,1,,
Public Method,"org.apache.tools.tar.TarEntry.setName",,3,1,1,,
Public Method,"org.apache.tools.tar.TarEntry.setNames",,4,1,1,,
Public Method,"org.apache.tools.tar.TarEntry.setSize",,3,1,1,,
Public Method,"org.apache.tools.tar.TarEntry.setUserId",,3,1,1,,
Public Method,"org.apache.tools.tar.TarEntry.setUserName",,3,1,1,,
Public Method,"org.apache.tools.tar.TarEntry.writeEntryHeader",,25,3,3,,
Public Class,"org.apache.tools.tar.TarInputStream",2,195,,41,82,2
Public Constructor,"org.apache.tools.tar.TarInputStream.TarInputStream",,3,1,1,,
Public Constructor,"org.apache.tools.tar.TarInputStream.TarInputStream",,3,1,1,,
Public Constructor,"org.apache.tools.tar.TarInputStream.TarInputStream",,8,1,1,,
Public Method,"org.apache.tools.tar.TarInputStream.available",,3,1,1,,
Public Method,"org.apache.tools.tar.TarInputStream.close",,3,1,1,,
Public Method,"org.apache.tools.tar.TarInputStream.copyEntryContents",,10,3,3,,
Public Method,"org.apache.tools.tar.TarInputStream.getNextEntry",,73,12,12,,
Public Method,"org.apache.tools.tar.TarInputStream.getRecordSize",,3,1,1,,
Public Method,"org.apache.tools.tar.TarInputStream.mark",,1,1,1,,
Public Method,"org.apache.tools.tar.TarInputStream.markSupported",,3,1,1,,
Public Method,"org.apache.tools.tar.TarInputStream.read",,3,1,1,,
Public Method,"org.apache.tools.tar.TarInputStream.read",,8,2,2,,
Public Method,"org.apache.tools.tar.TarInputStream.read",,47,9,9,,
Public Method,"org.apache.tools.tar.TarInputStream.reset",,1,1,1,,
Public Method,"org.apache.tools.tar.TarInputStream.setDebug",,4,1,1,,
Public Method,"org.apache.tools.tar.TarInputStream.skip",,12,4,4,,
Public Class,"org.apache.tools.tar.TarOutputStream",2,119,,24,75,2
Public Constructor,"org.apache.tools.tar.TarOutputStream.TarOutputStream",,3,1,1,,
Public Constructor,"org.apache.tools.tar.TarOutputStream.TarOutputStream",,3,1,1,,
Public Constructor,"org.apache.tools.tar.TarOutputStream.TarOutputStream",,9,1,1,,
Public Method,"org.apache.tools.tar.TarOutputStream.close",,4,1,1,,
Public Method,"org.apache.tools.tar.TarOutputStream.closeEntry",,15,4,4,,
Public Method,"org.apache.tools.tar.TarOutputStream.finish",,3,1,1,,
Public Method,"org.apache.tools.tar.TarOutputStream.getRecordSize",,3,1,1,,
Public Method,"org.apache.tools.tar.TarOutputStream.putNextEntry",,10,2,2,,
Public Method,"org.apache.tools.tar.TarOutputStream.setBufferDebug",,3,1,1,,
Public Method,"org.apache.tools.tar.TarOutputStream.setDebug",,3,1,1,,
Public Method,"org.apache.tools.tar.TarOutputStream.write",,40,6,6,,
Public Method,"org.apache.tools.tar.TarOutputStream.write",,4,1,1,,
Public Method,"org.apache.tools.tar.TarOutputStream.write",,3,1,1,,
Private Method,"org.apache.tools.tar.TarOutputStream.writeEOFRecord",,6,2,2,,
Public Class,"org.apache.tools.tar.TarUtils",0,84,,20,0,1
Public Static Method,"org.apache.tools.tar.TarUtils.computeCheckSum",,7,2,2,,
Public Static Method,"org.apache.tools.tar.TarUtils.getCheckSumOctalBytes",,6,1,1,,
Public Static Method,"org.apache.tools.tar.TarUtils.getLongOctalBytes",,6,1,1,,
Public Static Method,"org.apache.tools.tar.TarUtils.getNameBytes",,10,3,3,,
Public Static Method,"org.apache.tools.tar.TarUtils.getOctalBytes",,21,4,4,,
Public Static Method,"org.apache.tools.tar.TarUtils.parseName",,11,3,3,,
Public Static Method,"org.apache.tools.tar.TarUtils.parseOctal",,21,6,6,,
