Project Name,Package Name,Type Name,MethodName,LOC,CC,PC
main,com.oreilly.servlet,MailMessage,MailMessage,3,1,0
main,com.oreilly.servlet,MailMessage,MailMessage,9,1,1
main,com.oreilly.servlet,MailMessage,MailMessage,4,1,1
main,com.oreilly.servlet,MailMessage,MailMessage,4,1,1
main,com.oreilly.servlet,MailMessage,MailMessage,4,1,1
main,com.oreilly.servlet,MailMessage,MailMessage,3,1,1
main,com.oreilly.servlet,MailMessage,MailMessage,3,1,1
main,com.oreilly.servlet,MailMessage,MailMessage,3,1,2
main,com.oreilly.servlet,MailMessage,MailMessage,8,1,0
main,com.oreilly.servlet,MailMessage,MailMessage,3,1,0
main,com.oreilly.servlet,MailMessage,MailMessage,3,1,0
main,com.oreilly.servlet,MailMessage,MailMessage,3,1,0
main,com.oreilly.servlet,MailMessage,MailMessage,11,3,1
main,com.oreilly.servlet,MailMessage,MailMessage,10,2,0
main,com.oreilly.servlet,MailMessage,MailMessage,4,1,0
main,com.oreilly.servlet,MailMessage,MailMessage,31,9,1
main,com.oreilly.servlet,MailMessage,MailMessage,6,1,0
main,com.oreilly.servlet,MailMessage,MailMessage,7,2,0
main,com.oreilly.servlet,MailMessage,MailMessage,5,1,0
main,com.oreilly.servlet,MailMessage,MailMessage,4,1,1
main,com.oreilly.servlet,MailMessage,MailMessage,4,1,1
main,com.oreilly.servlet,MailMessage,MailMessage,4,1,0
main,com.oreilly.servlet,MailMessage,MailMessage,4,1,0
main,com.oreilly.servlet,MailMessage,MailMessage,4,1,0
main,com.oreilly.servlet,MailMessage,MailMessage,7,2,2
main,com.oreilly.servlet,MailMessage,MailMessage,8,3,2
main,com.oreilly.servlet,MailMessage,MailMessage,5,4,0
main,com.oreilly.servlet,MailPrintStream,MailPrintStream,3,1,1
main,com.oreilly.servlet,MailPrintStream,MailPrintStream,14,3,1
main,com.oreilly.servlet,MailPrintStream,MailPrintStream,5,2,3
main,com.oreilly.servlet,MailPrintStream,MailPrintStream,3,1,1
main,com.oreilly.servlet,MailPrintStream,MailPrintStream,6,2,1
main,org.apache.tools.ant,BuildEvent,BuildEvent,6,1,1
main,org.apache.tools.ant,BuildEvent,BuildEvent,6,1,1
main,org.apache.tools.ant,BuildEvent,BuildEvent,6,1,1
main,org.apache.tools.ant,BuildEvent,BuildEvent,4,1,2
main,org.apache.tools.ant,BuildEvent,BuildEvent,3,1,1
main,org.apache.tools.ant,BuildEvent,BuildEvent,3,1,0
main,org.apache.tools.ant,BuildEvent,BuildEvent,3,1,0
main,org.apache.tools.ant,BuildEvent,BuildEvent,3,1,0
main,org.apache.tools.ant,BuildEvent,BuildEvent,3,1,0
main,org.apache.tools.ant,BuildEvent,BuildEvent,3,1,0
main,org.apache.tools.ant,BuildEvent,BuildEvent,3,1,0
main,org.apache.tools.ant,BuildException,BuildException,3,1,0
main,org.apache.tools.ant,BuildException,BuildException,3,1,1
main,org.apache.tools.ant,BuildException,BuildException,4,1,2
main,org.apache.tools.ant,BuildException,BuildException,4,1,3
main,org.apache.tools.ant,BuildException,BuildException,4,1,1
main,org.apache.tools.ant,BuildException,BuildException,4,1,2
main,org.apache.tools.ant,BuildException,BuildException,3,1,0
main,org.apache.tools.ant,BuildException,BuildException,3,1,0
main,org.apache.tools.ant,BuildException,BuildException,3,1,1
main,org.apache.tools.ant,BuildException,BuildException,3,1,0
main,org.apache.tools.ant,BuildListener,BuildListener,0,1,1
main,org.apache.tools.ant,BuildListener,BuildListener,0,1,1
main,org.apache.tools.ant,BuildListener,BuildListener,0,1,1
main,org.apache.tools.ant,BuildListener,BuildListener,0,1,1
main,org.apache.tools.ant,BuildListener,BuildListener,0,1,1
main,org.apache.tools.ant,BuildListener,BuildListener,0,1,1
main,org.apache.tools.ant,BuildListener,BuildListener,0,1,1
main,org.apache.tools.ant,DefaultLogger,DefaultLogger,4,1,2
main,org.apache.tools.ant,DefaultLogger,DefaultLogger,3,1,1
main,org.apache.tools.ant,DefaultLogger,DefaultLogger,20,4,1
main,org.apache.tools.ant,DefaultLogger,DefaultLogger,5,2,1
main,org.apache.tools.ant,DefaultLogger,DefaultLogger,2,1,1
main,org.apache.tools.ant,DefaultLogger,DefaultLogger,2,1,1
main,org.apache.tools.ant,DefaultLogger,DefaultLogger,2,1,1
main,org.apache.tools.ant,DefaultLogger,DefaultLogger,13,4,1
main,org.apache.tools.ant,DefaultLogger,DefaultLogger,10,2,1
main,org.apache.tools.ant,DesirableFilter,DesirableFilter,18,6,2
main,org.apache.tools.ant,DirectoryScanner,DirectoryScanner,2,1,0
main,org.apache.tools.ant,DirectoryScanner,DirectoryScanner,100,27,2
main,org.apache.tools.ant,DirectoryScanner,DirectoryScanner,98,28,2
main,org.apache.tools.ant,DirectoryScanner,DirectoryScanner,3,1,1
main,org.apache.tools.ant,DirectoryScanner,DirectoryScanner,3,1,1
main,org.apache.tools.ant,DirectoryScanner,DirectoryScanner,3,1,0
main,org.apache.tools.ant,DirectoryScanner,DirectoryScanner,16,4,1
main,org.apache.tools.ant,DirectoryScanner,DirectoryScanner,16,4,1
main,org.apache.tools.ant,DirectoryScanner,DirectoryScanner,25,6,0
main,org.apache.tools.ant,DirectoryScanner,DirectoryScanner,34,8,2
main,org.apache.tools.ant,DirectoryScanner,DirectoryScanner,8,3,1
main,org.apache.tools.ant,DirectoryScanner,DirectoryScanner,8,3,1
main,org.apache.tools.ant,DirectoryScanner,DirectoryScanner,8,2,0
main,org.apache.tools.ant,DirectoryScanner,DirectoryScanner,8,2,0
main,org.apache.tools.ant,DirectoryScanner,DirectoryScanner,8,2,0
main,org.apache.tools.ant,DirectoryScanner,DirectoryScanner,8,2,0
main,org.apache.tools.ant,DirectoryScanner,DirectoryScanner,8,2,0
main,org.apache.tools.ant,DirectoryScanner,DirectoryScanner,8,2,0
main,org.apache.tools.ant,DirectoryScanner,DirectoryScanner,12,3,0
main,org.apache.tools.ant,EnumeratedAttribute,EnumeratedAttribute,0,1,0
main,org.apache.tools.ant,EnumeratedAttribute,EnumeratedAttribute,2,1,0
main,org.apache.tools.ant,EnumeratedAttribute,EnumeratedAttribute,6,2,1
main,org.apache.tools.ant,EnumeratedAttribute,EnumeratedAttribute,12,4,1
main,org.apache.tools.ant,EnumeratedAttribute,EnumeratedAttribute,3,1,0
main,org.apache.tools.ant,IntrospectionHelper,IntrospectionHelper,55,8,1
main,org.apache.tools.ant,IntrospectionHelper,IntrospectionHelper,3,1,1
main,org.apache.tools.ant,IntrospectionHelper,IntrospectionHelper,5,1,1
main,org.apache.tools.ant,IntrospectionHelper,IntrospectionHelper,8,2,1
main,org.apache.tools.ant,IntrospectionHelper,IntrospectionHelper,20,3,4
main,org.apache.tools.ant,IntrospectionHelper,IntrospectionHelper,19,3,2
main,org.apache.tools.ant,IntrospectionHelper,IntrospectionHelper,23,3,2
main,org.apache.tools.ant,IntrospectionHelper,IntrospectionHelper,8,2,1
main,org.apache.tools.ant,IntrospectionHelper,IntrospectionHelper,8,2,1
main,org.apache.tools.ant,IntrospectionHelper,IntrospectionHelper,3,1,0
main,org.apache.tools.ant,IntrospectionHelper,IntrospectionHelper,3,1,0
main,org.apache.tools.ant,IntrospectionHelper,IntrospectionHelper,3,1,0
main,org.apache.tools.ant,IntrospectionHelper,IntrospectionHelper,129,13,2
main,org.apache.tools.ant,IntrospectionHelper,IntrospectionHelper,3,1,3
main,org.apache.tools.ant,IntrospectionHelper,IntrospectionHelper,3,1,3
main,org.apache.tools.ant,IntrospectionHelper,IntrospectionHelper,3,1,3
main,org.apache.tools.ant,IntrospectionHelper,IntrospectionHelper,3,1,3
main,org.apache.tools.ant,IntrospectionHelper,IntrospectionHelper,3,1,3
main,org.apache.tools.ant,IntrospectionHelper,IntrospectionHelper,3,1,3
main,org.apache.tools.ant,IntrospectionHelper,IntrospectionHelper,3,1,3
main,org.apache.tools.ant,IntrospectionHelper,IntrospectionHelper,3,1,3
main,org.apache.tools.ant,IntrospectionHelper,IntrospectionHelper,3,1,3
main,org.apache.tools.ant,IntrospectionHelper,IntrospectionHelper,8,1,3
main,org.apache.tools.ant,IntrospectionHelper,IntrospectionHelper,3,1,3
main,org.apache.tools.ant,IntrospectionHelper,IntrospectionHelper,10,1,3
main,org.apache.tools.ant,IntrospectionHelper,IntrospectionHelper,8,1,3
main,org.apache.tools.ant,IntrospectionHelper,IntrospectionHelper,4,1,2
main,org.apache.tools.ant,IntrospectionHelper,IntrospectionHelper,0,1,1
main,org.apache.tools.ant,IntrospectionHelper,IntrospectionHelper,0,1,3
main,org.apache.tools.ant,NestedCreator,NestedCreator,0,1,1
main,org.apache.tools.ant,AttributeSetter,AttributeSetter,0,1,3
main,org.apache.tools.ant,Location,Location,3,1,0
main,org.apache.tools.ant,Location,Location,3,1,1
main,org.apache.tools.ant,Location,Location,5,1,3
main,org.apache.tools.ant,Location,Location,12,3,0
main,org.apache.tools.ant,Main,Main,9,1,1
main,org.apache.tools.ant,Main,Main,89,15,1
main,org.apache.tools.ant,Main,Main,50,5,0
main,org.apache.tools.ant,Main,Main,13,2,1
main,org.apache.tools.ant,Main,Main,3,1,0
main,org.apache.tools.ant,Main,Main,15,1,0
main,org.apache.tools.ant,Main,Main,23,1,0
main,org.apache.tools.ant,Map,Map,0,1,1
main,org.apache.tools.ant,Path,Path,4,1,1
main,org.apache.tools.ant,Path,Path,3,1,0
main,org.apache.tools.ant,Path,Path,8,3,1
main,org.apache.tools.ant,Path,Path,8,3,1
main,org.apache.tools.ant,Path,Path,9,3,1
main,org.apache.tools.ant,Path,Path,3,1,0
main,org.apache.tools.ant,Path,Path,5,1,0
main,org.apache.tools.ant,Path,Path,10,3,0
main,org.apache.tools.ant,Path,Path,15,4,1
main,org.apache.tools.ant,Path,Path,8,3,1
main,org.apache.tools.ant,Path,Path,7,2,2
main,org.apache.tools.ant,PathTokenizer,PathTokenizer,4,1,1
main,org.apache.tools.ant,PathTokenizer,PathTokenizer,6,2,0
main,org.apache.tools.ant,PathTokenizer,PathTokenizer,20,4,0
main,org.apache.tools.ant,Project,Project,2,1,0
main,org.apache.tools.ant,Project,Project,25,2,0
main,org.apache.tools.ant,Project,Project,3,1,1
main,org.apache.tools.ant,Project,Project,3,1,1
main,org.apache.tools.ant,Project,Project,3,1,0
main,org.apache.tools.ant,Project,Project,3,1,1
main,org.apache.tools.ant,Project,Project,3,1,2
main,org.apache.tools.ant,Project,Project,3,1,3
main,org.apache.tools.ant,Project,Project,3,1,3
main,org.apache.tools.ant,Project,Project,5,2,2
main,org.apache.tools.ant,Project,Project,5,1,2
main,org.apache.tools.ant,Project,Project,5,2,1
main,org.apache.tools.ant,Project,Project,5,2,1
main,org.apache.tools.ant,Project,Project,3,1,0
main,org.apache.tools.ant,Project,Project,3,1,0
main,org.apache.tools.ant,Project,Project,3,1,1
main,org.apache.tools.ant,Project,Project,3,1,0
main,org.apache.tools.ant,Project,Project,3,1,1
main,org.apache.tools.ant,Project,Project,3,1,1
main,org.apache.tools.ant,Project,Project,3,1,0
main,org.apache.tools.ant,Project,Project,5,2,2
main,org.apache.tools.ant,Project,Project,3,1,0
main,org.apache.tools.ant,Project,Project,9,1,1
main,org.apache.tools.ant,Project,Project,6,1,1
main,org.apache.tools.ant,Project,Project,11,2,0
main,org.apache.tools.ant,Project,Project,3,1,0
main,org.apache.tools.ant,Project,Project,19,2,0
main,org.apache.tools.ant,Project,Project,5,1,2
main,org.apache.tools.ant,Project,Project,3,1,0
main,org.apache.tools.ant,Project,Project,7,2,1
main,org.apache.tools.ant,Project,Project,6,2,2
main,org.apache.tools.ant,Project,Project,3,1,1
main,org.apache.tools.ant,Project,Project,6,1,2
main,org.apache.tools.ant,Project,Project,3,1,0
main,org.apache.tools.ant,Project,Project,26,3,1
main,org.apache.tools.ant,Project,Project,6,2,1
main,org.apache.tools.ant,Project,Project,14,3,1
main,org.apache.tools.ant,Project,Project,41,10,1
main,org.apache.tools.ant,Project,Project,17,4,1
main,org.apache.tools.ant,Project,Project,3,1,2
main,org.apache.tools.ant,Project,Project,3,1,3
main,org.apache.tools.ant,Project,Project,3,1,4
main,org.apache.tools.ant,Project,Project,3,1,2
main,org.apache.tools.ant,Project,Project,3,1,3
main,org.apache.tools.ant,Project,Project,42,7,4
main,org.apache.tools.ant,Project,Project,35,4,2
main,org.apache.tools.ant,Project,Project,3,1,1
main,org.apache.tools.ant,Project,Project,11,1,1
main,org.apache.tools.ant,Project,Project,19,4,2
main,org.apache.tools.ant,Project,Project,34,7,5
main,org.apache.tools.ant,Project,Project,12,2,2
main,org.apache.tools.ant,Project,Project,3,1,2
main,org.apache.tools.ant,Project,Project,3,1,0
main,org.apache.tools.ant,Project,Project,7,2,0
main,org.apache.tools.ant,Project,Project,8,2,1
main,org.apache.tools.ant,Project,Project,7,2,1
main,org.apache.tools.ant,Project,Project,8,2,2
main,org.apache.tools.ant,Project,Project,7,2,1
main,org.apache.tools.ant,Project,Project,7,2,2
main,org.apache.tools.ant,Project,Project,7,2,3
main,org.apache.tools.ant,Project,Project,4,1,3
main,org.apache.tools.ant,Project,Project,4,1,3
main,org.apache.tools.ant,Project,Project,4,1,3
main,org.apache.tools.ant,ProjectHelper,ProjectHelper,3,1,2
main,org.apache.tools.ant,ProjectHelper,ProjectHelper,4,1,2
main,org.apache.tools.ant,ProjectHelper,ProjectHelper,35,4,0
main,org.apache.tools.ant,ProjectHelper,ProjectHelper,4,1,1
main,org.apache.tools.ant,ProjectHelper,ProjectHelper,3,1,2
main,org.apache.tools.ant,ProjectHelper,ProjectHelper,6,2,3
main,org.apache.tools.ant,ProjectHelper,ProjectHelper,3,1,1
main,org.apache.tools.ant,ProjectHelper,ProjectHelper,8,2,2
main,org.apache.tools.ant,ProjectHelper,ProjectHelper,3,1,1
main,org.apache.tools.ant,ProjectHelper,ProjectHelper,3,1,1
main,org.apache.tools.ant,ProjectHelper,ProjectHelper,35,9,2
main,org.apache.tools.ant,ProjectHelper,ProjectHelper,14,4,2
main,org.apache.tools.ant,ProjectHelper,ProjectHelper,3,1,2
main,org.apache.tools.ant,ProjectHelper,ProjectHelper,3,1,2
main,org.apache.tools.ant,ProjectHelper,ProjectHelper,3,1,2
main,org.apache.tools.ant,ProjectHelper,ProjectHelper,3,1,1
main,org.apache.tools.ant,ProjectHelper,ProjectHelper,44,11,2
main,org.apache.tools.ant,ProjectHelper,ProjectHelper,3,1,2
main,org.apache.tools.ant,ProjectHelper,ProjectHelper,4,1,2
main,org.apache.tools.ant,ProjectHelper,ProjectHelper,10,2,2
main,org.apache.tools.ant,ProjectHelper,ProjectHelper,11,2,3
main,org.apache.tools.ant,ProjectHelper,ProjectHelper,3,1,2
main,org.apache.tools.ant,ProjectHelper,ProjectHelper,4,1,2
main,org.apache.tools.ant,ProjectHelper,ProjectHelper,11,1,2
main,org.apache.tools.ant,ProjectHelper,ProjectHelper,11,2,3
main,org.apache.tools.ant,ProjectHelper,ProjectHelper,3,1,2
main,org.apache.tools.ant,ProjectHelper,ProjectHelper,19,4,2
main,org.apache.tools.ant,ProjectHelper,ProjectHelper,31,7,2
main,org.apache.tools.ant,ProjectHelper,ProjectHelper,6,2,0
main,org.apache.tools.ant,AbstractHandler,AbstractHandler,4,1,1
main,org.apache.tools.ant,AbstractHandler,AbstractHandler,3,1,2
main,org.apache.tools.ant,AbstractHandler,AbstractHandler,6,2,3
main,org.apache.tools.ant,AbstractHandler,AbstractHandler,3,1,1
main,org.apache.tools.ant,RootHandler,RootHandler,8,2,2
main,org.apache.tools.ant,RootHandler,RootHandler,3,1,1
main,org.apache.tools.ant,ProjectHandler,ProjectHandler,3,1,1
main,org.apache.tools.ant,ProjectHandler,ProjectHandler,35,9,2
main,org.apache.tools.ant,ProjectHandler,ProjectHandler,14,4,2
main,org.apache.tools.ant,ProjectHandler,ProjectHandler,3,1,2
main,org.apache.tools.ant,ProjectHandler,ProjectHandler,3,1,2
main,org.apache.tools.ant,ProjectHandler,ProjectHandler,3,1,2
main,org.apache.tools.ant,TargetHandler,TargetHandler,3,1,1
main,org.apache.tools.ant,TargetHandler,TargetHandler,44,11,2
main,org.apache.tools.ant,TargetHandler,TargetHandler,3,1,2
main,org.apache.tools.ant,TaskHandler,TaskHandler,4,1,2
main,org.apache.tools.ant,TaskHandler,TaskHandler,10,2,2
main,org.apache.tools.ant,TaskHandler,TaskHandler,11,2,3
main,org.apache.tools.ant,TaskHandler,TaskHandler,3,1,2
main,org.apache.tools.ant,NestedElementHandler,NestedElementHandler,4,1,2
main,org.apache.tools.ant,NestedElementHandler,NestedElementHandler,11,1,2
main,org.apache.tools.ant,NestedElementHandler,NestedElementHandler,11,2,3
main,org.apache.tools.ant,NestedElementHandler,NestedElementHandler,3,1,2
main,org.apache.tools.ant,Target,Target,3,1,1
main,org.apache.tools.ant,Target,Target,3,1,0
main,org.apache.tools.ant,Target,Target,8,3,1
main,org.apache.tools.ant,Target,Target,3,1,1
main,org.apache.tools.ant,Target,Target,3,1,0
main,org.apache.tools.ant,Target,Target,3,1,1
main,org.apache.tools.ant,Target,Target,3,1,1
main,org.apache.tools.ant,Target,Target,3,1,0
main,org.apache.tools.ant,Target,Target,3,1,1
main,org.apache.tools.ant,Target,Target,3,1,1
main,org.apache.tools.ant,Target,Target,3,1,0
main,org.apache.tools.ant,Target,Target,25,5,0
main,org.apache.tools.ant,Target,Target,3,1,0
main,org.apache.tools.ant,Target,Target,3,1,0
main,org.apache.tools.ant,Task,Task,3,1,1
main,org.apache.tools.ant,Task,Task,3,1,0
main,org.apache.tools.ant,Task,Task,3,1,1
main,org.apache.tools.ant,Task,Task,3,1,0
main,org.apache.tools.ant,Task,Task,3,1,1
main,org.apache.tools.ant,Task,Task,3,1,0
main,org.apache.tools.ant,Task,Task,3,1,1
main,org.apache.tools.ant,Task,Task,3,1,1
main,org.apache.tools.ant,Task,Task,3,1,2
main,org.apache.tools.ant,Task,Task,3,1,1
main,org.apache.tools.ant,Task,Task,3,1,0
main,org.apache.tools.ant,Task,Task,2,1,0
main,org.apache.tools.ant,Task,Task,2,1,0
main,org.apache.tools.ant,Task,Task,3,1,0
main,org.apache.tools.ant,Task,Task,3,1,1
main,org.apache.tools.ant,TaskAdapter,TaskAdapter,17,2,0
main,org.apache.tools.ant,TaskAdapter,TaskAdapter,3,1,1
main,org.apache.tools.ant,TaskAdapter,TaskAdapter,3,1,0
main,org.apache.tools.ant,XmlLogger,XmlLogger,8,1,0
main,org.apache.tools.ant,XmlLogger,XmlLogger,2,1,0
main,org.apache.tools.ant,XmlLogger,XmlLogger,5,1,1
main,org.apache.tools.ant,XmlLogger,XmlLogger,17,2,1
main,org.apache.tools.ant,XmlLogger,XmlLogger,5,1,1
main,org.apache.tools.ant,XmlLogger,XmlLogger,6,1,1
main,org.apache.tools.ant,XmlLogger,XmlLogger,11,2,1
main,org.apache.tools.ant,XmlLogger,XmlLogger,6,1,1
main,org.apache.tools.ant,XmlLogger,XmlLogger,30,6,1
main,org.apache.tools.ant,XmlLogger,XmlLogger,40,9,3
main,org.apache.tools.ant,XmlLogger,XmlLogger,10,2,1
main,org.apache.tools.ant.taskdefs,Ant,Ant,31,5,0
main,org.apache.tools.ant.taskdefs,Ant,Ant,17,5,0
main,org.apache.tools.ant.taskdefs,Ant,Ant,3,1,1
main,org.apache.tools.ant.taskdefs,Ant,Ant,3,1,1
main,org.apache.tools.ant.taskdefs,Ant,Ant,3,1,1
main,org.apache.tools.ant.taskdefs,Ant,Ant,3,1,1
main,org.apache.tools.ant.taskdefs,Ant,Ant,6,1,0
main,org.apache.tools.ant.taskdefs,AntStructure,AntStructure,3,1,1
main,org.apache.tools.ant.taskdefs,AntStructure,AntStructure,28,4,0
main,org.apache.tools.ant.taskdefs,AntStructure,AntStructure,11,1,1
main,org.apache.tools.ant.taskdefs,AntStructure,AntStructure,19,3,2
main,org.apache.tools.ant.taskdefs,AntStructure,AntStructure,16,4,3
main,org.apache.tools.ant.taskdefs,AntStructure,AntStructure,2,1,1
main,org.apache.tools.ant.taskdefs,Available,Available,3,1,1
main,org.apache.tools.ant.taskdefs,Available,Available,4,1,1
main,org.apache.tools.ant.taskdefs,Available,Available,3,1,1
main,org.apache.tools.ant.taskdefs,Available,Available,3,1,1
main,org.apache.tools.ant.taskdefs,Available,Available,3,1,1
main,org.apache.tools.ant.taskdefs,Available,Available,6,4,0
main,org.apache.tools.ant.taskdefs,Available,Available,10,1,1
main,org.apache.tools.ant.taskdefs,Available,Available,3,1,1
main,org.apache.tools.ant.taskdefs,Available,Available,10,1,1
main,org.apache.tools.ant.taskdefs,Chmod,Chmod,3,1,1
main,org.apache.tools.ant.taskdefs,Chmod,Chmod,3,1,1
main,org.apache.tools.ant.taskdefs,Chmod,Chmod,4,1,1
main,org.apache.tools.ant.taskdefs,Chmod,Chmod,3,1,1
main,org.apache.tools.ant.taskdefs,Chmod,Chmod,23,6,0
main,org.apache.tools.ant.taskdefs,Chmod,Chmod,3,1,1
main,org.apache.tools.ant.taskdefs,CompileTask,CompileTask,5,1,0
main,org.apache.tools.ant.taskdefs,CompileTask,CompileTask,14,3,0
main,org.apache.tools.ant.taskdefs,CompileTask,CompileTask,2,1,0
main,org.apache.tools.ant.taskdefs,Copydir,Copydir,3,1,1
main,org.apache.tools.ant.taskdefs,Copydir,Copydir,3,1,1
main,org.apache.tools.ant.taskdefs,Copydir,Copydir,3,1,1
main,org.apache.tools.ant.taskdefs,Copydir,Copydir,3,1,1
main,org.apache.tools.ant.taskdefs,Copydir,Copydir,25,5,0
main,org.apache.tools.ant.taskdefs,Copydir,Copydir,10,3,3
main,org.apache.tools.ant.taskdefs,Copyfile,Copyfile,3,1,1
main,org.apache.tools.ant.taskdefs,Copyfile,Copyfile,3,1,1
main,org.apache.tools.ant.taskdefs,Copyfile,Copyfile,3,1,1
main,org.apache.tools.ant.taskdefs,Copyfile,Copyfile,11,2,0
main,org.apache.tools.ant.taskdefs,Cvs,Cvs,14,5,0
main,org.apache.tools.ant.taskdefs,Cvs,Cvs,6,3,1
main,org.apache.tools.ant.taskdefs,Cvs,Cvs,3,1,1
main,org.apache.tools.ant.taskdefs,Cvs,Cvs,3,1,1
main,org.apache.tools.ant.taskdefs,Cvs,Cvs,6,3,1
main,org.apache.tools.ant.taskdefs,Cvs,Cvs,4,2,1
main,org.apache.tools.ant.taskdefs,Cvs,Cvs,3,1,1
main,org.apache.tools.ant.taskdefs,Cvs,Cvs,3,1,1
main,org.apache.tools.ant.taskdefs,Cvs,Cvs,3,1,1
main,org.apache.tools.ant.taskdefs,Delete,Delete,3,1,1
main,org.apache.tools.ant.taskdefs,Delete,Delete,3,1,1
main,org.apache.tools.ant.taskdefs,Delete,Delete,8,2,1
main,org.apache.tools.ant.taskdefs,Delete,Delete,38,12,0
main,org.apache.tools.ant.taskdefs,Deltree,Deltree,3,1,1
main,org.apache.tools.ant.taskdefs,Deltree,Deltree,18,4,0
main,org.apache.tools.ant.taskdefs,Deltree,Deltree,18,5,1
main,org.apache.tools.ant.taskdefs,Echo,Echo,3,1,0
main,org.apache.tools.ant.taskdefs,Echo,Echo,3,1,1
main,org.apache.tools.ant.taskdefs,Exec,Exec,3,1,0
main,org.apache.tools.ant.taskdefs,Exec,Exec,63,11,1
main,org.apache.tools.ant.taskdefs,Exec,Exec,3,1,1
main,org.apache.tools.ant.taskdefs,Exec,Exec,3,1,1
main,org.apache.tools.ant.taskdefs,Exec,Exec,3,1,1
main,org.apache.tools.ant.taskdefs,Exec,Exec,3,1,1
main,org.apache.tools.ant.taskdefs,Exec,Exec,3,1,1
main,org.apache.tools.ant.taskdefs,Exec,Exec,8,2,2
main,org.apache.tools.ant.taskdefs,Exec,Exec,3,2,0
main,org.apache.tools.ant.taskdefs,Exec,Exec,5,1,3
main,org.apache.tools.ant.taskdefs,Exec,Exec,12,3,0
main,org.apache.tools.ant.taskdefs,Exec,Exec,15,2,0
main,org.apache.tools.ant.taskdefs,StreamPumper,StreamPumper,5,1,3
main,org.apache.tools.ant.taskdefs,StreamPumper,StreamPumper,12,3,0
main,org.apache.tools.ant.taskdefs,StreamPumper,StreamPumper,15,2,0
main,org.apache.tools.ant.taskdefs,Expand,Expand,56,7,0
main,org.apache.tools.ant.taskdefs,Expand,Expand,3,1,1
main,org.apache.tools.ant.taskdefs,Expand,Expand,3,1,1
main,org.apache.tools.ant.taskdefs,Filter,Filter,3,1,1
main,org.apache.tools.ant.taskdefs,Filter,Filter,3,1,1
main,org.apache.tools.ant.taskdefs,Filter,Filter,3,1,0
main,org.apache.tools.ant.taskdefs,FixCRLF,FixCRLF,10,2,0
main,org.apache.tools.ant.taskdefs,FixCRLF,FixCRLF,3,1,1
main,org.apache.tools.ant.taskdefs,FixCRLF,FixCRLF,3,1,1
main,org.apache.tools.ant.taskdefs,FixCRLF,FixCRLF,12,3,1
main,org.apache.tools.ant.taskdefs,FixCRLF,FixCRLF,12,3,1
main,org.apache.tools.ant.taskdefs,FixCRLF,FixCRLF,6,2,1
main,org.apache.tools.ant.taskdefs,FixCRLF,FixCRLF,12,3,1
main,org.apache.tools.ant.taskdefs,FixCRLF,FixCRLF,115,34,0
main,org.apache.tools.ant.taskdefs,FixCRLF,FixCRLF,3,1,0
main,org.apache.tools.ant.taskdefs,AddAsisRemove,AddAsisRemove,3,1,0
main,org.apache.tools.ant.taskdefs,Get,Get,43,8,0
main,org.apache.tools.ant.taskdefs,Get,Get,3,1,1
main,org.apache.tools.ant.taskdefs,Get,Get,3,1,1
main,org.apache.tools.ant.taskdefs,Get,Get,3,1,1
main,org.apache.tools.ant.taskdefs,Get,Get,3,1,1
main,org.apache.tools.ant.taskdefs,GUnzip,GUnzip,3,1,1
main,org.apache.tools.ant.taskdefs,GUnzip,GUnzip,3,1,1
main,org.apache.tools.ant.taskdefs,GUnzip,GUnzip,60,11,0
main,org.apache.tools.ant.taskdefs,GZip,GZip,3,1,1
main,org.apache.tools.ant.taskdefs,GZip,GZip,3,1,1
main,org.apache.tools.ant.taskdefs,GZip,GZip,26,3,0
main,org.apache.tools.ant.taskdefs,GZip,GZip,9,2,2
main,org.apache.tools.ant.taskdefs,GZip,GZip,9,1,2
main,org.apache.tools.ant.taskdefs,Jar,Jar,4,1,1
main,org.apache.tools.ant.taskdefs,Jar,Jar,3,1,1
main,org.apache.tools.ant.taskdefs,Jar,Jar,12,3,1
main,org.apache.tools.ant.taskdefs,Jar,Jar,5,2,3
main,org.apache.tools.ant.taskdefs,Jar,Jar,5,2,3
main,org.apache.tools.ant.taskdefs,Java,Java,3,1,0
main,org.apache.tools.ant.taskdefs,Java,Java,34,7,0
main,org.apache.tools.ant.taskdefs,Java,Java,8,2,1
main,org.apache.tools.ant.taskdefs,Java,Java,6,2,0
main,org.apache.tools.ant.taskdefs,Java,Java,4,1,1
main,org.apache.tools.ant.taskdefs,Java,Java,3,1,1
main,org.apache.tools.ant.taskdefs,Java,Java,3,1,1
main,org.apache.tools.ant.taskdefs,Java,Java,3,1,1
main,org.apache.tools.ant.taskdefs,Java,Java,3,1,1
main,org.apache.tools.ant.taskdefs,Java,Java,24,2,2
main,org.apache.tools.ant.taskdefs,Java,Java,9,3,1
main,org.apache.tools.ant.taskdefs,Java,Java,8,2,1
main,org.apache.tools.ant.taskdefs,Javac,Javac,6,2,0
main,org.apache.tools.ant.taskdefs,Javac,Javac,8,2,1
main,org.apache.tools.ant.taskdefs,Javac,Javac,3,1,1
main,org.apache.tools.ant.taskdefs,Javac,Javac,8,2,1
main,org.apache.tools.ant.taskdefs,Javac,Javac,6,2,0
main,org.apache.tools.ant.taskdefs,Javac,Javac,8,2,1
main,org.apache.tools.ant.taskdefs,Javac,Javac,6,2,0
main,org.apache.tools.ant.taskdefs,Javac,Javac,8,2,1
main,org.apache.tools.ant.taskdefs,Javac,Javac,6,2,0
main,org.apache.tools.ant.taskdefs,Javac,Javac,3,1,1
main,org.apache.tools.ant.taskdefs,Javac,Javac,3,1,1
main,org.apache.tools.ant.taskdefs,Javac,Javac,3,1,1
main,org.apache.tools.ant.taskdefs,Javac,Javac,3,1,1
main,org.apache.tools.ant.taskdefs,Javac,Javac,3,1,1
main,org.apache.tools.ant.taskdefs,Javac,Javac,62,14,0
main,org.apache.tools.ant.taskdefs,Javac,Javac,4,1,0
main,org.apache.tools.ant.taskdefs,Javac,Javac,21,6,3
main,org.apache.tools.ant.taskdefs,Javac,Javac,18,4,1
main,org.apache.tools.ant.taskdefs,Javac,Javac,12,3,2
main,org.apache.tools.ant.taskdefs,Javac,Javac,45,9,0
main,org.apache.tools.ant.taskdefs,Javac,Javac,59,9,0
main,org.apache.tools.ant.taskdefs,Javac,Javac,51,11,0
main,org.apache.tools.ant.taskdefs,Javac,Javac,3,1,2
main,org.apache.tools.ant.taskdefs,Javac,Javac,15,5,1
main,org.apache.tools.ant.taskdefs,JarFilenameFilter,JarFilenameFilter,3,1,2
main,org.apache.tools.ant.taskdefs,JavacOutputStream,JavacOutputStream,4,1,1
main,org.apache.tools.ant.taskdefs,JavacOutputStream,JavacOutputStream,11,3,1
main,org.apache.tools.ant.taskdefs,JavacOutputStream,JavacOutputStream,8,2,0
main,org.apache.tools.ant.taskdefs,JavacOutputStream,JavacOutputStream,3,1,0
main,org.apache.tools.ant.taskdefs,Javadoc,Javadoc,3,1,1
main,org.apache.tools.ant.taskdefs,Javadoc,Javadoc,3,1,0
main,org.apache.tools.ant.taskdefs,Javadoc,Javadoc,3,1,1
main,org.apache.tools.ant.taskdefs,Javadoc,Javadoc,3,1,0
main,org.apache.tools.ant.taskdefs,Javadoc,Javadoc,3,1,1
main,org.apache.tools.ant.taskdefs,Javadoc,Javadoc,3,1,0
main,org.apache.tools.ant.taskdefs,Javadoc,Javadoc,8,2,1
main,org.apache.tools.ant.taskdefs,Javadoc,Javadoc,3,1,0
main,org.apache.tools.ant.taskdefs,Javadoc,Javadoc,6,2,0
main,org.apache.tools.ant.taskdefs,Javadoc,Javadoc,5,1,0
main,org.apache.tools.ant.taskdefs,Javadoc,Javadoc,3,1,0
main,org.apache.tools.ant.taskdefs,Javadoc,Javadoc,3,1,1
main,org.apache.tools.ant.taskdefs,Javadoc,Javadoc,3,1,1
main,org.apache.tools.ant.taskdefs,Javadoc,Javadoc,8,2,1
main,org.apache.tools.ant.taskdefs,Javadoc,Javadoc,6,2,0
main,org.apache.tools.ant.taskdefs,Javadoc,Javadoc,3,1,1
main,org.apache.tools.ant.taskdefs,Javadoc,Javadoc,3,1,1
main,org.apache.tools.ant.taskdefs,Javadoc,Javadoc,3,1,1
main,org.apache.tools.ant.taskdefs,Javadoc,Javadoc,3,1,1
main,org.apache.tools.ant.taskdefs,Javadoc,Javadoc,3,1,1
main,org.apache.tools.ant.taskdefs,Javadoc,Javadoc,3,1,1
main,org.apache.tools.ant.taskdefs,Javadoc,Javadoc,3,1,1
main,org.apache.tools.ant.taskdefs,Javadoc,Javadoc,3,1,1
main,org.apache.tools.ant.taskdefs,Javadoc,Javadoc,6,2,1
main,org.apache.tools.ant.taskdefs,Javadoc,Javadoc,6,2,1
main,org.apache.tools.ant.taskdefs,Javadoc,Javadoc,4,1,0
main,org.apache.tools.ant.taskdefs,Javadoc,Javadoc,3,1,1
main,org.apache.tools.ant.taskdefs,Javadoc,Javadoc,8,2,1
main,org.apache.tools.ant.taskdefs,Javadoc,Javadoc,6,2,0
main,org.apache.tools.ant.taskdefs,Javadoc,Javadoc,8,2,1
main,org.apache.tools.ant.taskdefs,Javadoc,Javadoc,6,2,0
main,org.apache.tools.ant.taskdefs,Javadoc,Javadoc,3,1,1
main,org.apache.tools.ant.taskdefs,Javadoc,Javadoc,3,1,1
main,org.apache.tools.ant.taskdefs,Javadoc,Javadoc,3,1,1
main,org.apache.tools.ant.taskdefs,Javadoc,Javadoc,3,1,1
main,org.apache.tools.ant.taskdefs,Javadoc,Javadoc,3,1,1
main,org.apache.tools.ant.taskdefs,Javadoc,Javadoc,3,1,1
main,org.apache.tools.ant.taskdefs,Javadoc,Javadoc,3,1,1
main,org.apache.tools.ant.taskdefs,Javadoc,Javadoc,3,1,1
main,org.apache.tools.ant.taskdefs,Javadoc,Javadoc,3,1,1
main,org.apache.tools.ant.taskdefs,Javadoc,Javadoc,3,1,1
main,org.apache.tools.ant.taskdefs,Javadoc,Javadoc,3,1,1
main,org.apache.tools.ant.taskdefs,Javadoc,Javadoc,3,1,1
main,org.apache.tools.ant.taskdefs,Javadoc,Javadoc,3,1,1
main,org.apache.tools.ant.taskdefs,Javadoc,Javadoc,3,1,1
main,org.apache.tools.ant.taskdefs,Javadoc,Javadoc,3,1,1
main,org.apache.tools.ant.taskdefs,Javadoc,Javadoc,3,1,1
main,org.apache.tools.ant.taskdefs,Javadoc,Javadoc,3,1,1
main,org.apache.tools.ant.taskdefs,Javadoc,Javadoc,3,1,1
main,org.apache.tools.ant.taskdefs,Javadoc,Javadoc,3,1,1
main,org.apache.tools.ant.taskdefs,Javadoc,Javadoc,3,1,1
main,org.apache.tools.ant.taskdefs,Javadoc,Javadoc,3,1,1
main,org.apache.tools.ant.taskdefs,Javadoc,Javadoc,3,1,1
main,org.apache.tools.ant.taskdefs,Javadoc,Javadoc,3,1,1
main,org.apache.tools.ant.taskdefs,Javadoc,Javadoc,3,1,1
main,org.apache.tools.ant.taskdefs,Javadoc,Javadoc,3,1,1
main,org.apache.tools.ant.taskdefs,Javadoc,Javadoc,3,1,1
main,org.apache.tools.ant.taskdefs,Javadoc,Javadoc,5,1,0
main,org.apache.tools.ant.taskdefs,Javadoc,Javadoc,2,1,0
main,org.apache.tools.ant.taskdefs,Javadoc,Javadoc,3,1,1
main,org.apache.tools.ant.taskdefs,Javadoc,Javadoc,3,1,0
main,org.apache.tools.ant.taskdefs,Javadoc,Javadoc,3,1,1
main,org.apache.tools.ant.taskdefs,Javadoc,Javadoc,3,1,0
main,org.apache.tools.ant.taskdefs,Javadoc,Javadoc,3,1,1
main,org.apache.tools.ant.taskdefs,Javadoc,Javadoc,3,1,0
main,org.apache.tools.ant.taskdefs,Javadoc,Javadoc,5,1,0
main,org.apache.tools.ant.taskdefs,Javadoc,Javadoc,2,1,0
main,org.apache.tools.ant.taskdefs,Javadoc,Javadoc,3,1,1
main,org.apache.tools.ant.taskdefs,Javadoc,Javadoc,3,1,0
main,org.apache.tools.ant.taskdefs,Javadoc,Javadoc,3,1,1
main,org.apache.tools.ant.taskdefs,Javadoc,Javadoc,3,1,0
main,org.apache.tools.ant.taskdefs,Javadoc,Javadoc,3,1,1
main,org.apache.tools.ant.taskdefs,Javadoc,Javadoc,238,71,0
main,org.apache.tools.ant.taskdefs,Javadoc,Javadoc,24,6,3
main,org.apache.tools.ant.taskdefs,Javadoc,Javadoc,3,1,2
main,org.apache.tools.ant.taskdefs,Javadoc,Javadoc,12,3,1
main,org.apache.tools.ant.taskdefs,Javadoc,Javadoc,26,7,2
main,org.apache.tools.ant.taskdefs,Javadoc,Javadoc,25,4,1
main,org.apache.tools.ant.taskdefs,Javadoc,Javadoc,16,5,2
main,org.apache.tools.ant.taskdefs,Javadoc,Javadoc,7,2,0
main,org.apache.tools.ant.taskdefs,Javadoc,Javadoc,3,1,1
main,org.apache.tools.ant.taskdefs,Javadoc,Javadoc,43,15,0
main,org.apache.tools.ant.taskdefs,Javadoc,Javadoc,15,4,3
main,org.apache.tools.ant.taskdefs,Javadoc,Javadoc,6,3,1
main,org.apache.tools.ant.taskdefs,DocletParam,DocletParam,3,1,1
main,org.apache.tools.ant.taskdefs,DocletParam,DocletParam,3,1,0
main,org.apache.tools.ant.taskdefs,DocletParam,DocletParam,3,1,1
main,org.apache.tools.ant.taskdefs,DocletParam,DocletParam,3,1,0
main,org.apache.tools.ant.taskdefs,DocletInfo,DocletInfo,3,1,1
main,org.apache.tools.ant.taskdefs,DocletInfo,DocletInfo,3,1,0
main,org.apache.tools.ant.taskdefs,DocletInfo,DocletInfo,8,2,1
main,org.apache.tools.ant.taskdefs,DocletInfo,DocletInfo,3,1,0
main,org.apache.tools.ant.taskdefs,DocletInfo,DocletInfo,6,2,0
main,org.apache.tools.ant.taskdefs,DocletInfo,DocletInfo,5,1,0
main,org.apache.tools.ant.taskdefs,DocletInfo,DocletInfo,3,1,0
main,org.apache.tools.ant.taskdefs,LinkArgument,LinkArgument,2,1,0
main,org.apache.tools.ant.taskdefs,LinkArgument,LinkArgument,3,1,1
main,org.apache.tools.ant.taskdefs,LinkArgument,LinkArgument,3,1,0
main,org.apache.tools.ant.taskdefs,LinkArgument,LinkArgument,3,1,1
main,org.apache.tools.ant.taskdefs,LinkArgument,LinkArgument,3,1,0
main,org.apache.tools.ant.taskdefs,LinkArgument,LinkArgument,3,1,1
main,org.apache.tools.ant.taskdefs,LinkArgument,LinkArgument,3,1,0
main,org.apache.tools.ant.taskdefs,GroupArgument,GroupArgument,2,1,0
main,org.apache.tools.ant.taskdefs,GroupArgument,GroupArgument,3,1,1
main,org.apache.tools.ant.taskdefs,GroupArgument,GroupArgument,3,1,0
main,org.apache.tools.ant.taskdefs,GroupArgument,GroupArgument,3,1,1
main,org.apache.tools.ant.taskdefs,GroupArgument,GroupArgument,3,1,0
main,org.apache.tools.ant.taskdefs,JavaReader,JavaReader,3,1,1
main,org.apache.tools.ant.taskdefs,JavaReader,JavaReader,43,15,0
main,org.apache.tools.ant.taskdefs,JavaReader,JavaReader,15,4,3
main,org.apache.tools.ant.taskdefs,JavaReader,JavaReader,6,3,1
main,org.apache.tools.ant.taskdefs,Jikes,Jikes,5,1,2
main,org.apache.tools.ant.taskdefs,Jikes,Jikes,13,1,1
main,org.apache.tools.ant.taskdefs,JikesOutputParser,JikesOutputParser,5,1,2
main,org.apache.tools.ant.taskdefs,JikesOutputParser,JikesOutputParser,4,2,1
main,org.apache.tools.ant.taskdefs,JikesOutputParser,JikesOutputParser,14,6,1
main,org.apache.tools.ant.taskdefs,JikesOutputParser,JikesOutputParser,3,1,1
main,org.apache.tools.ant.taskdefs,JikesOutputParser,JikesOutputParser,4,2,1
main,org.apache.tools.ant.taskdefs,JikesOutputParser,JikesOutputParser,6,2,1
main,org.apache.tools.ant.taskdefs,JikesOutputParser,JikesOutputParser,3,1,0
main,org.apache.tools.ant.taskdefs,KeySubst,KeySubst,36,4,0
main,org.apache.tools.ant.taskdefs,KeySubst,KeySubst,3,1,1
main,org.apache.tools.ant.taskdefs,KeySubst,KeySubst,3,1,1
main,org.apache.tools.ant.taskdefs,KeySubst,KeySubst,3,1,1
main,org.apache.tools.ant.taskdefs,KeySubst,KeySubst,12,3,1
main,org.apache.tools.ant.taskdefs,KeySubst,KeySubst,11,1,1
main,org.apache.tools.ant.taskdefs,KeySubst,KeySubst,21,3,2
main,org.apache.tools.ant.taskdefs,MatchingTask,MatchingTask,3,1,1
main,org.apache.tools.ant.taskdefs,MatchingTask,MatchingTask,3,1,0
main,org.apache.tools.ant.taskdefs,MatchingTask,MatchingTask,3,1,1
main,org.apache.tools.ant.taskdefs,MatchingTask,MatchingTask,3,2,1
main,org.apache.tools.ant.taskdefs,MatchingTask,MatchingTask,3,2,1
main,org.apache.tools.ant.taskdefs,MatchingTask,MatchingTask,3,1,0
main,org.apache.tools.ant.taskdefs,MatchingTask,MatchingTask,3,1,0
main,org.apache.tools.ant.taskdefs,MatchingTask,MatchingTask,5,2,1
main,org.apache.tools.ant.taskdefs,MatchingTask,MatchingTask,15,4,1
main,org.apache.tools.ant.taskdefs,MatchingTask,MatchingTask,5,2,1
main,org.apache.tools.ant.taskdefs,MatchingTask,MatchingTask,10,3,1
main,org.apache.tools.ant.taskdefs,MatchingTask,MatchingTask,3,1,1
main,org.apache.tools.ant.taskdefs,MatchingTask,MatchingTask,20,7,1
main,org.apache.tools.ant.taskdefs,MatchingTask,MatchingTask,9,2,1
main,org.apache.tools.ant.taskdefs,MatchingTask,MatchingTask,5,1,1
main,org.apache.tools.ant.taskdefs,MatchingTask,MatchingTask,15,3,2
main,org.apache.tools.ant.taskdefs,MatchingTask,MatchingTask,11,3,1
main,org.apache.tools.ant.taskdefs,MatchingTask,MatchingTask,11,3,1
main,org.apache.tools.ant.taskdefs,NameEntry,NameEntry,3,1,0
main,org.apache.tools.ant.taskdefs,NameEntry,NameEntry,3,1,1
main,org.apache.tools.ant.taskdefs,NameEntry,NameEntry,3,2,1
main,org.apache.tools.ant.taskdefs,NameEntry,NameEntry,3,2,1
main,org.apache.tools.ant.taskdefs,Mkdir,Mkdir,11,3,0
main,org.apache.tools.ant.taskdefs,Mkdir,Mkdir,3,1,1
main,org.apache.tools.ant.taskdefs,Patch,Patch,3,1,1
main,org.apache.tools.ant.taskdefs,Patch,Patch,3,1,1
main,org.apache.tools.ant.taskdefs,Patch,Patch,3,1,1
main,org.apache.tools.ant.taskdefs,Patch,Patch,3,1,1
main,org.apache.tools.ant.taskdefs,Patch,Patch,6,2,1
main,org.apache.tools.ant.taskdefs,Patch,Patch,3,1,1
main,org.apache.tools.ant.taskdefs,Patch,Patch,3,1,1
main,org.apache.tools.ant.taskdefs,Patch,Patch,3,1,1
main,org.apache.tools.ant.taskdefs,Patch,Patch,28,9,0
main,org.apache.tools.ant.taskdefs,Property,Property,3,1,1
main,org.apache.tools.ant.taskdefs,Property,Property,3,1,0
main,org.apache.tools.ant.taskdefs,Property,Property,3,1,1
main,org.apache.tools.ant.taskdefs,Property,Property,3,1,0
main,org.apache.tools.ant.taskdefs,Property,Property,3,1,1
main,org.apache.tools.ant.taskdefs,Property,Property,3,1,1
main,org.apache.tools.ant.taskdefs,Property,Property,12,4,0
main,org.apache.tools.ant.taskdefs,Property,Property,16,2,1
main,org.apache.tools.ant.taskdefs,Property,Property,14,2,1
main,org.apache.tools.ant.taskdefs,Property,Property,10,2,1
main,org.apache.tools.ant.taskdefs,Property,Property,3,1,1
main,org.apache.tools.ant.taskdefs,Property,Property,18,4,2
main,org.apache.tools.ant.taskdefs,Property,Property,36,8,1
main,org.apache.tools.ant.taskdefs,Property,Property,20,4,2
main,org.apache.tools.ant.taskdefs,Rename,Rename,3,1,1
main,org.apache.tools.ant.taskdefs,Rename,Rename,3,1,1
main,org.apache.tools.ant.taskdefs,Rename,Rename,3,1,1
main,org.apache.tools.ant.taskdefs,Rename,Rename,10,4,0
main,org.apache.tools.ant.taskdefs,Replace,Replace,20,6,0
main,org.apache.tools.ant.taskdefs,Replace,Replace,26,5,1
main,org.apache.tools.ant.taskdefs,Replace,Replace,3,1,1
main,org.apache.tools.ant.taskdefs,Replace,Replace,3,1,1
main,org.apache.tools.ant.taskdefs,Replace,Replace,3,1,1
main,org.apache.tools.ant.taskdefs,Replace,Replace,3,1,1
main,org.apache.tools.ant.taskdefs,Replace,Replace,11,2,1
main,org.apache.tools.ant.taskdefs,Rmic,Rmic,3,1,1
main,org.apache.tools.ant.taskdefs,Rmic,Rmic,4,1,1
main,org.apache.tools.ant.taskdefs,Rmic,Rmic,3,1,1
main,org.apache.tools.ant.taskdefs,Rmic,Rmic,3,1,1
main,org.apache.tools.ant.taskdefs,Rmic,Rmic,3,1,1
main,org.apache.tools.ant.taskdefs,Rmic,Rmic,3,1,1
main,org.apache.tools.ant.taskdefs,Rmic,Rmic,8,2,1
main,org.apache.tools.ant.taskdefs,Rmic,Rmic,6,2,0
main,org.apache.tools.ant.taskdefs,Rmic,Rmic,3,1,1
main,org.apache.tools.ant.taskdefs,Rmic,Rmic,61,20,0
main,org.apache.tools.ant.taskdefs,Rmic,Rmic,26,2,3
main,org.apache.tools.ant.taskdefs,Rmic,Rmic,31,7,3
main,org.apache.tools.ant.taskdefs,Rmic,Rmic,18,6,1
main,org.apache.tools.ant.taskdefs,Rmic,Rmic,20,5,1
main,org.apache.tools.ant.taskdefs,Rmic,Rmic,14,4,1
main,org.apache.tools.ant.taskdefs,Rmic,Rmic,12,3,2
main,org.apache.tools.ant.taskdefs,SignJar,SignJar,3,1,1
main,org.apache.tools.ant.taskdefs,SignJar,SignJar,3,1,1
main,org.apache.tools.ant.taskdefs,SignJar,SignJar,3,1,1
main,org.apache.tools.ant.taskdefs,SignJar,SignJar,3,1,1
main,org.apache.tools.ant.taskdefs,SignJar,SignJar,3,1,1
main,org.apache.tools.ant.taskdefs,SignJar,SignJar,3,1,1
main,org.apache.tools.ant.taskdefs,SignJar,SignJar,3,1,1
main,org.apache.tools.ant.taskdefs,SignJar,SignJar,3,1,1
main,org.apache.tools.ant.taskdefs,SignJar,SignJar,3,1,1
main,org.apache.tools.ant.taskdefs,SignJar,SignJar,3,1,1
main,org.apache.tools.ant.taskdefs,SignJar,SignJar,3,1,1
main,org.apache.tools.ant.taskdefs,SignJar,SignJar,67,14,0
main,org.apache.tools.ant.taskdefs,Tar,Tar,3,1,1
main,org.apache.tools.ant.taskdefs,Tar,Tar,3,1,1
main,org.apache.tools.ant.taskdefs,Tar,Tar,34,5,0
main,org.apache.tools.ant.taskdefs,Tar,Tar,20,2,3
main,org.apache.tools.ant.taskdefs,Taskdef,Taskdef,19,2,0
main,org.apache.tools.ant.taskdefs,Taskdef,Taskdef,3,1,1
main,org.apache.tools.ant.taskdefs,Taskdef,Taskdef,4,1,1
main,org.apache.tools.ant.taskdefs,Taskdef,Taskdef,3,1,0
main,org.apache.tools.ant.taskdefs,Taskdef,Taskdef,3,1,1
main,org.apache.tools.ant.taskdefs,TaskOutputStream,TaskOutputStream,5,1,2
main,org.apache.tools.ant.taskdefs,TaskOutputStream,TaskOutputStream,11,3,1
main,org.apache.tools.ant.taskdefs,TaskOutputStream,TaskOutputStream,5,1,0
main,org.apache.tools.ant.taskdefs,Touch,Touch,3,1,1
main,org.apache.tools.ant.taskdefs,Touch,Touch,3,1,1
main,org.apache.tools.ant.taskdefs,Touch,Touch,3,1,1
main,org.apache.tools.ant.taskdefs,Touch,Touch,19,4,0
main,org.apache.tools.ant.taskdefs,Touch,Touch,46,6,0
main,org.apache.tools.ant.taskdefs,Tstamp,Tstamp,14,1,0
main,org.apache.tools.ant.taskdefs,Untar,Untar,61,9,0
main,org.apache.tools.ant.taskdefs,Untar,Untar,3,1,1
main,org.apache.tools.ant.taskdefs,Untar,Untar,3,1,1
main,org.apache.tools.ant.taskdefs,XSLTLiaison,XSLTLiaison,0,1,1
main,org.apache.tools.ant.taskdefs,XSLTLiaison,XSLTLiaison,0,1,2
main,org.apache.tools.ant.taskdefs,XSLTProcess,XSLTProcess,2,1,0
main,org.apache.tools.ant.taskdefs,XSLTProcess,XSLTProcess,46,8,0
main,org.apache.tools.ant.taskdefs,XSLTProcess,XSLTProcess,3,1,1
main,org.apache.tools.ant.taskdefs,XSLTProcess,XSLTProcess,3,1,1
main,org.apache.tools.ant.taskdefs,XSLTProcess,XSLTProcess,3,1,1
main,org.apache.tools.ant.taskdefs,XSLTProcess,XSLTProcess,3,1,1
main,org.apache.tools.ant.taskdefs,XSLTProcess,XSLTProcess,11,3,1
main,org.apache.tools.ant.taskdefs,XSLTProcess,XSLTProcess,18,2,3
main,org.apache.tools.ant.taskdefs,XSLTProcess,XSLTProcess,3,1,0
main,org.apache.tools.ant.taskdefs,Zip,Zip,3,1,1
main,org.apache.tools.ant.taskdefs,Zip,Zip,3,1,1
main,org.apache.tools.ant.taskdefs,Zip,Zip,3,1,1
main,org.apache.tools.ant.taskdefs,Zip,Zip,49,10,0
main,org.apache.tools.ant.taskdefs,Zip,Zip,2,1,1
main,org.apache.tools.ant.taskdefs,Zip,Zip,2,1,3
main,org.apache.tools.ant.taskdefs,Zip,Zip,43,6,4
main,org.apache.tools.ant.taskdefs,Zip,Zip,9,1,3
main,org.apache.tools.ant.taskdefs.optional.ejb,DDCreator,DDCreator,24,5,0
main,org.apache.tools.ant.taskdefs.optional.ejb,DDCreator,DDCreator,3,1,1
main,org.apache.tools.ant.taskdefs.optional.ejb,DDCreator,DDCreator,3,1,1
main,org.apache.tools.ant.taskdefs.optional.ejb,DDCreator,DDCreator,3,1,1
main,org.apache.tools.ant.taskdefs.optional.ejb,DDCreatorHelper,DDCreatorHelper,4,1,1
main,org.apache.tools.ant.taskdefs.optional.ejb,DDCreatorHelper,DDCreatorHelper,9,2,1
main,org.apache.tools.ant.taskdefs.optional.ejb,DDCreatorHelper,DDCreatorHelper,23,4,0
main,org.apache.tools.ant.taskdefs.optional.ejb,Ejbc,Ejbc,31,6,0
main,org.apache.tools.ant.taskdefs.optional.ejb,Ejbc,Ejbc,3,1,1
main,org.apache.tools.ant.taskdefs.optional.ejb,Ejbc,Ejbc,3,1,1
main,org.apache.tools.ant.taskdefs.optional.ejb,Ejbc,Ejbc,3,1,1
main,org.apache.tools.ant.taskdefs.optional.ejb,Ejbc,Ejbc,3,1,1
main,org.apache.tools.ant.taskdefs.optional.ejb,Ejbc,Ejbc,3,1,1
main,org.apache.tools.ant.taskdefs.optional.ejb,EjbcHelper,EjbcHelper,4,1,1
main,org.apache.tools.ant.taskdefs.optional.ejb,EjbcHelper,EjbcHelper,11,2,1
main,org.apache.tools.ant.taskdefs.optional.ejb,EjbcHelper,EjbcHelper,47,8,1
main,org.apache.tools.ant.taskdefs.optional.ejb,EjbcHelper,EjbcHelper,20,3,0
main,org.apache.tools.ant.taskdefs.optional.ejb,EjbcHelper,EjbcHelper,8,1,1
main,org.apache.tools.ant.taskdefs.optional.ejb,EjbJar,EjbJar,3,1,0
main,org.apache.tools.ant.taskdefs.optional.ejb,EjbJar,EjbJar,4,1,0
main,org.apache.tools.ant.taskdefs.optional.ejb,EjbJar,EjbJar,3,1,2
main,org.apache.tools.ant.taskdefs.optional.ejb,EjbJar,EjbJar,3,1,1
main,org.apache.tools.ant.taskdefs.optional.ejb,EjbJar,EjbJar,12,3,3
main,org.apache.tools.ant.taskdefs.optional.ejb,EjbJar,EjbJar,3,1,1
main,org.apache.tools.ant.taskdefs.optional.ejb,EjbJar,EjbJar,3,1,1
main,org.apache.tools.ant.taskdefs.optional.ejb,EjbJar,EjbJar,3,1,1
main,org.apache.tools.ant.taskdefs.optional.ejb,EjbJar,EjbJar,3,1,1
main,org.apache.tools.ant.taskdefs.optional.ejb,EjbJar,EjbJar,3,1,1
main,org.apache.tools.ant.taskdefs.optional.ejb,EjbJar,EjbJar,3,1,1
main,org.apache.tools.ant.taskdefs.optional.ejb,EjbJar,EjbJar,3,2,1
main,org.apache.tools.ant.taskdefs.optional.ejb,EjbJar,EjbJar,18,2,3
main,org.apache.tools.ant.taskdefs.optional.ejb,EjbJar,EjbJar,25,3,2
main,org.apache.tools.ant.taskdefs.optional.ejb,EjbJar,EjbJar,16,1,2
main,org.apache.tools.ant.taskdefs.optional.ejb,EjbJar,EjbJar,91,12,0
main,org.apache.tools.ant.taskdefs.optional.ejb,DescriptorHandler,DescriptorHandler,3,1,0
main,org.apache.tools.ant.taskdefs.optional.ejb,DescriptorHandler,DescriptorHandler,4,1,0
main,org.apache.tools.ant.taskdefs.optional.ejb,DescriptorHandler,DescriptorHandler,3,1,2
main,org.apache.tools.ant.taskdefs.optional.ejb,DescriptorHandler,DescriptorHandler,3,1,1
main,org.apache.tools.ant.taskdefs.optional.ejb,DescriptorHandler,DescriptorHandler,12,3,3
main,org.apache.tools.ant.taskdefs.optional.ejb,WLRun,WLRun,39,8,0
main,org.apache.tools.ant.taskdefs.optional.ejb,WLRun,WLRun,3,1,1
main,org.apache.tools.ant.taskdefs.optional.ejb,WLRun,WLRun,3,1,1
main,org.apache.tools.ant.taskdefs.optional.ejb,WLRun,WLRun,3,1,1
main,org.apache.tools.ant.taskdefs.optional.ejb,WLRun,WLRun,3,1,1
main,org.apache.tools.ant.taskdefs.optional.ejb,WLRun,WLRun,3,1,1
main,org.apache.tools.ant.taskdefs.optional.ejb,WLRun,WLRun,3,1,1
main,org.apache.tools.ant.taskdefs.optional.ejb,WLStop,WLStop,16,3,0
main,org.apache.tools.ant.taskdefs.optional.ejb,WLStop,WLStop,3,1,1
main,org.apache.tools.ant.taskdefs.optional.ejb,WLStop,WLStop,3,1,1
main,org.apache.tools.ant.taskdefs.optional.ejb,WLStop,WLStop,3,1,1
main,org.apache.tools.ant.taskdefs.optional.ejb,WLStop,WLStop,3,1,1
main,org.apache.tools.ant.taskdefs.optional.ejb,WLStop,WLStop,3,1,1
main,org.apache.tools.ant.taskdefs.optional,NetRexxC,NetRexxC,3,1,1
main,org.apache.tools.ant.taskdefs.optional,NetRexxC,NetRexxC,3,1,1
main,org.apache.tools.ant.taskdefs.optional,NetRexxC,NetRexxC,3,1,1
main,org.apache.tools.ant.taskdefs.optional,NetRexxC,NetRexxC,3,1,1
main,org.apache.tools.ant.taskdefs.optional,NetRexxC,NetRexxC,4,2,1
main,org.apache.tools.ant.taskdefs.optional,NetRexxC,NetRexxC,3,1,1
main,org.apache.tools.ant.taskdefs.optional,NetRexxC,NetRexxC,3,1,1
main,org.apache.tools.ant.taskdefs.optional,NetRexxC,NetRexxC,3,1,1
main,org.apache.tools.ant.taskdefs.optional,NetRexxC,NetRexxC,3,1,1
main,org.apache.tools.ant.taskdefs.optional,NetRexxC,NetRexxC,3,1,1
main,org.apache.tools.ant.taskdefs.optional,NetRexxC,NetRexxC,3,1,1
main,org.apache.tools.ant.taskdefs.optional,NetRexxC,NetRexxC,3,1,1
main,org.apache.tools.ant.taskdefs.optional,NetRexxC,NetRexxC,3,1,1
main,org.apache.tools.ant.taskdefs.optional,NetRexxC,NetRexxC,3,1,1
main,org.apache.tools.ant.taskdefs.optional,NetRexxC,NetRexxC,3,1,1
main,org.apache.tools.ant.taskdefs.optional,NetRexxC,NetRexxC,3,1,1
main,org.apache.tools.ant.taskdefs.optional,NetRexxC,NetRexxC,3,1,1
main,org.apache.tools.ant.taskdefs.optional,NetRexxC,NetRexxC,3,1,1
main,org.apache.tools.ant.taskdefs.optional,NetRexxC,NetRexxC,3,1,1
main,org.apache.tools.ant.taskdefs.optional,NetRexxC,NetRexxC,3,1,1
main,org.apache.tools.ant.taskdefs.optional,NetRexxC,NetRexxC,3,1,1
main,org.apache.tools.ant.taskdefs.optional,NetRexxC,NetRexxC,3,1,1
main,org.apache.tools.ant.taskdefs.optional,NetRexxC,NetRexxC,3,1,1
main,org.apache.tools.ant.taskdefs.optional,NetRexxC,NetRexxC,3,1,1
main,org.apache.tools.ant.taskdefs.optional,NetRexxC,NetRexxC,3,1,1
main,org.apache.tools.ant.taskdefs.optional,NetRexxC,NetRexxC,3,1,1
main,org.apache.tools.ant.taskdefs.optional,NetRexxC,NetRexxC,3,1,1
main,org.apache.tools.ant.taskdefs.optional,NetRexxC,NetRexxC,8,2,1
main,org.apache.tools.ant.taskdefs.optional,NetRexxC,NetRexxC,3,1,1
main,org.apache.tools.ant.taskdefs.optional,NetRexxC,NetRexxC,3,1,1
main,org.apache.tools.ant.taskdefs.optional,NetRexxC,NetRexxC,13,3,0
main,org.apache.tools.ant.taskdefs.optional,NetRexxC,NetRexxC,19,5,3
main,org.apache.tools.ant.taskdefs.optional,NetRexxC,NetRexxC,5,2,0
main,org.apache.tools.ant.taskdefs.optional,NetRexxC,NetRexxC,45,6,0
main,org.apache.tools.ant.taskdefs.optional,NetRexxC,NetRexxC,8,2,0
main,org.apache.tools.ant.taskdefs.optional,NetRexxC,NetRexxC,32,1,0
main,org.apache.tools.ant.taskdefs.optional,NetRexxC,NetRexxC,13,3,2
main,org.apache.tools.ant.taskdefs.optional,RenameExtensions,RenameExtensions,3,1,0
main,org.apache.tools.ant.taskdefs.optional,RenameExtensions,RenameExtensions,3,1,1
main,org.apache.tools.ant.taskdefs.optional,RenameExtensions,RenameExtensions,3,1,1
main,org.apache.tools.ant.taskdefs.optional,RenameExtensions,RenameExtensions,3,1,1
main,org.apache.tools.ant.taskdefs.optional,RenameExtensions,RenameExtensions,3,1,1
main,org.apache.tools.ant.taskdefs.optional,RenameExtensions,RenameExtensions,17,5,0
main,org.apache.tools.ant.taskdefs.optional,RenameExtensions,RenameExtensions,20,4,2
main,org.apache.tools.ant.taskdefs.optional,Script,Script,8,4,1
main,org.apache.tools.ant.taskdefs.optional,Script,Script,2,1,0
main,org.apache.tools.ant.taskdefs.optional,Script,Script,3,1,1
main,org.apache.tools.ant.taskdefs.optional,Script,Script,15,2,1
main,org.apache.tools.ant.taskdefs.optional,Script,Script,3,1,1
main,org.apache.tools.ant.taskdefs.optional,XalanLiaison,XalanLiaison,3,1,0
main,org.apache.tools.ant.taskdefs.optional,XalanLiaison,XalanLiaison,3,1,1
main,org.apache.tools.ant.taskdefs.optional,XslpLiaison,XslpLiaison,3,1,0
main,org.apache.tools.ant.taskdefs.optional,XslpLiaison,XslpLiaison,3,1,1
main,org.apache.tools.ant.taskdefs.optional,XslpLiaison,XslpLiaison,2,1,2
main,org.apache.tools.ant.taskdefs.optional.vss,MSVSS,MSVSS,3,1,1
main,org.apache.tools.ant.taskdefs.optional.vss,MSVSS,MSVSS,8,2,0
main,org.apache.tools.ant.taskdefs.optional.vss,MSVSS,MSVSS,3,1,1
main,org.apache.tools.ant.taskdefs.optional.vss,MSVSS,MSVSS,8,2,0
main,org.apache.tools.ant.taskdefs.optional.vss,MSVSS,MSVSS,8,2,1
main,org.apache.tools.ant.taskdefs.optional.vss,MSVSS,MSVSS,3,1,0
main,org.apache.tools.ant.taskdefs.optional.vss,MSVSSGET,MSVSSGET,21,3,0
main,org.apache.tools.ant.taskdefs.optional.vss,MSVSSGET,MSVSSGET,3,1,1
main,org.apache.tools.ant.taskdefs.optional.vss,MSVSSGET,MSVSSGET,17,4,0
main,org.apache.tools.ant.taskdefs.optional.vss,MSVSSGET,MSVSSGET,3,1,1
main,org.apache.tools.ant.taskdefs.optional.vss,MSVSSGET,MSVSSGET,8,2,0
main,org.apache.tools.ant.taskdefs.optional.vss,MSVSSGET,MSVSSGET,3,1,1
main,org.apache.tools.ant.taskdefs.optional.vss,MSVSSGET,MSVSSGET,8,2,0
main,org.apache.tools.ant.taskdefs.optional.vss,MSVSSGET,MSVSSGET,8,2,1
main,org.apache.tools.ant.taskdefs.optional.vss,MSVSSGET,MSVSSGET,8,2,1
main,org.apache.tools.ant.taskdefs.optional.vss,MSVSSGET,MSVSSGET,8,2,1
main,org.apache.tools.ant.taskdefs.optional.vss,MSVSSGET,MSVSSGET,12,4,0
main,org.apache.tools.tar,TarBuffer,TarBuffer,3,1,1
main,org.apache.tools.tar,TarBuffer,TarBuffer,3,1,2
main,org.apache.tools.tar,TarBuffer,TarBuffer,5,1,3
main,org.apache.tools.tar,TarBuffer,TarBuffer,3,1,1
main,org.apache.tools.tar,TarBuffer,TarBuffer,3,1,2
main,org.apache.tools.tar,TarBuffer,TarBuffer,5,1,3
main,org.apache.tools.tar,TarBuffer,TarBuffer,15,2,2
main,org.apache.tools.tar,TarBuffer,TarBuffer,3,1,0
main,org.apache.tools.tar,TarBuffer,TarBuffer,3,1,0
main,org.apache.tools.tar,TarBuffer,TarBuffer,3,1,1
main,org.apache.tools.tar,TarBuffer,TarBuffer,8,3,1
main,org.apache.tools.tar,TarBuffer,TarBuffer,14,5,0
main,org.apache.tools.tar,TarBuffer,TarBuffer,17,5,0
main,org.apache.tools.tar,TarBuffer,TarBuffer,26,7,0
main,org.apache.tools.tar,TarBuffer,TarBuffer,3,1,0
main,org.apache.tools.tar,TarBuffer,TarBuffer,3,1,0
main,org.apache.tools.tar,TarBuffer,TarBuffer,16,5,1
main,org.apache.tools.tar,TarBuffer,TarBuffer,16,5,2
main,org.apache.tools.tar,TarBuffer,TarBuffer,12,3,0
main,org.apache.tools.tar,TarBuffer,TarBuffer,11,4,0
main,org.apache.tools.tar,TarBuffer,TarBuffer,18,6,0
main,org.apache.tools.tar,TarEntry,TarEntry,14,2,0
main,org.apache.tools.tar,TarEntry,TarEntry,20,1,1
main,org.apache.tools.tar,TarEntry,TarEntry,44,9,1
main,org.apache.tools.tar,TarEntry,TarEntry,4,1,1
main,org.apache.tools.tar,TarEntry,TarEntry,3,1,1
main,org.apache.tools.tar,TarEntry,TarEntry,3,1,1
main,org.apache.tools.tar,TarEntry,TarEntry,3,1,0
main,org.apache.tools.tar,TarEntry,TarEntry,3,1,1
main,org.apache.tools.tar,TarEntry,TarEntry,3,1,0
main,org.apache.tools.tar,TarEntry,TarEntry,3,1,1
main,org.apache.tools.tar,TarEntry,TarEntry,3,1,0
main,org.apache.tools.tar,TarEntry,TarEntry,3,1,1
main,org.apache.tools.tar,TarEntry,TarEntry,3,1,0
main,org.apache.tools.tar,TarEntry,TarEntry,3,1,1
main,org.apache.tools.tar,TarEntry,TarEntry,3,1,0
main,org.apache.tools.tar,TarEntry,TarEntry,3,1,1
main,org.apache.tools.tar,TarEntry,TarEntry,4,1,2
main,org.apache.tools.tar,TarEntry,TarEntry,4,1,2
main,org.apache.tools.tar,TarEntry,TarEntry,3,1,1
main,org.apache.tools.tar,TarEntry,TarEntry,3,1,1
main,org.apache.tools.tar,TarEntry,TarEntry,3,1,0
main,org.apache.tools.tar,TarEntry,TarEntry,3,1,0
main,org.apache.tools.tar,TarEntry,TarEntry,3,1,0
main,org.apache.tools.tar,TarEntry,TarEntry,3,1,1
main,org.apache.tools.tar,TarEntry,TarEntry,12,4,0
main,org.apache.tools.tar,TarEntry,TarEntry,11,3,0
main,org.apache.tools.tar,TarEntry,TarEntry,25,3,1
main,org.apache.tools.tar,TarEntry,TarEntry,29,1,1
main,org.apache.tools.tar,TarInputStream,TarInputStream,3,1,1
main,org.apache.tools.tar,TarInputStream,TarInputStream,3,1,2
main,org.apache.tools.tar,TarInputStream,TarInputStream,8,1,3
main,org.apache.tools.tar,TarInputStream,TarInputStream,4,1,1
main,org.apache.tools.tar,TarInputStream,TarInputStream,3,1,0
main,org.apache.tools.tar,TarInputStream,TarInputStream,3,1,0
main,org.apache.tools.tar,TarInputStream,TarInputStream,3,1,0
main,org.apache.tools.tar,TarInputStream,TarInputStream,10,3,1
main,org.apache.tools.tar,TarInputStream,TarInputStream,3,1,0
main,org.apache.tools.tar,TarInputStream,TarInputStream,2,1,1
main,org.apache.tools.tar,TarInputStream,TarInputStream,2,1,0
main,org.apache.tools.tar,TarInputStream,TarInputStream,46,12,0
main,org.apache.tools.tar,TarInputStream,TarInputStream,9,2,0
main,org.apache.tools.tar,TarInputStream,TarInputStream,3,1,1
main,org.apache.tools.tar,TarInputStream,TarInputStream,47,8,3
main,org.apache.tools.tar,TarInputStream,TarInputStream,10,3,1
main,org.apache.tools.tar,TarOutputStream,TarOutputStream,3,1,1
main,org.apache.tools.tar,TarOutputStream,TarOutputStream,3,1,2
main,org.apache.tools.tar,TarOutputStream,TarOutputStream,9,1,3
main,org.apache.tools.tar,TarOutputStream,TarOutputStream,3,1,1
main,org.apache.tools.tar,TarOutputStream,TarOutputStream,3,1,1
main,org.apache.tools.tar,TarOutputStream,TarOutputStream,3,1,0
main,org.apache.tools.tar,TarOutputStream,TarOutputStream,4,1,0
main,org.apache.tools.tar,TarOutputStream,TarOutputStream,3,1,0
main,org.apache.tools.tar,TarOutputStream,TarOutputStream,11,2,1
main,org.apache.tools.tar,TarOutputStream,TarOutputStream,13,4,0
main,org.apache.tools.tar,TarOutputStream,TarOutputStream,4,1,1
main,org.apache.tools.tar,TarOutputStream,TarOutputStream,3,1,1
main,org.apache.tools.tar,TarOutputStream,TarOutputStream,35,6,3
main,org.apache.tools.tar,TarOutputStream,TarOutputStream,6,2,0
main,org.apache.tools.tar,TarUtils,TarUtils,21,6,3
main,org.apache.tools.tar,TarUtils,TarUtils,11,3,3
main,org.apache.tools.tar,TarUtils,TarUtils,10,3,4
main,org.apache.tools.tar,TarUtils,TarUtils,22,4,4
main,org.apache.tools.tar,TarUtils,TarUtils,6,1,4
main,org.apache.tools.tar,TarUtils,TarUtils,6,1,4
main,org.apache.tools.tar,TarUtils,TarUtils,7,2,1
